Using pre-set license
Built from '6000.0/staging' branch; Version is '6000.0.37f1 (090b7797214c) revision 592759'; Using compiler version '193933523'; Build Type 'Release'
OS: 'Windows 11  (10.0.22621) 64bit Core' Language: 'en' Physical Memory: 7896 MB
BatchMode: 1, IsHumanControllingUs: 0, StartBugReporterOnCrash: 0, Is64bit: 1, IsPro: 1

COMMAND LINE ARGUMENTS:
C:\Program Files\Unity\Hub\Editor\6000.0.37f1\Editor\Unity.exe
-adb2
-batchMode
-noUpm
-name
AssetImportWorker0
-projectPath
C:/Unity-P4/UnityLearning
-logFile
Logs/AssetImportWorker0.log
-srvPort
57473
-job-worker-count
5
-background-job-worker-count
8
-gc-helper-count
1
Successfully changed project path to: C:/Unity-P4/UnityLearning
C:/Unity-P4/UnityLearning
[UnityMemory] Configuration Parameters - Can be set up in boot.config
    "memorysetup-bucket-allocator-granularity=16"
    "memorysetup-bucket-allocator-bucket-count=8"
    "memorysetup-bucket-allocator-block-size=33554432"
    "memorysetup-bucket-allocator-block-count=8"
    "memorysetup-main-allocator-block-size=16777216"
    "memorysetup-thread-allocator-block-size=16777216"
    "memorysetup-gfx-main-allocator-block-size=16777216"
    "memorysetup-gfx-thread-allocator-block-size=16777216"
    "memorysetup-cache-allocator-block-size=4194304"
    "memorysetup-typetree-allocator-block-size=2097152"
    "memorysetup-profiler-bucket-allocator-granularity=16"
    "memorysetup-profiler-bucket-allocator-bucket-count=8"
    "memorysetup-profiler-bucket-allocator-block-size=33554432"
    "memorysetup-profiler-bucket-allocator-block-count=8"
    "memorysetup-profiler-allocator-block-size=16777216"
    "memorysetup-profiler-editor-allocator-block-size=1048576"
    "memorysetup-temp-allocator-size-main=16777216"
    "memorysetup-job-temp-allocator-block-size=2097152"
    "memorysetup-job-temp-allocator-block-size-background=1048576"
    "memorysetup-job-temp-allocator-reduction-small-platforms=262144"
    "memorysetup-allocator-temp-initial-block-size-main=262144"
    "memorysetup-allocator-temp-initial-block-size-worker=262144"
    "memorysetup-temp-allocator-size-background-worker=32768"
    "memorysetup-temp-allocator-size-job-worker=262144"
    "memorysetup-temp-allocator-size-preload-manager=33554432"
    "memorysetup-temp-allocator-size-nav-mesh-worker=65536"
    "memorysetup-temp-allocator-size-audio-worker=65536"
    "memorysetup-temp-allocator-size-cloud-worker=32768"
    "memorysetup-temp-allocator-size-gi-baking-worker=262144"
    "memorysetup-temp-allocator-size-gi-baking-worker=262144"
    "memorysetup-temp-allocator-size-gi-baking-worker=262144"
    "memorysetup-temp-allocator-size-gi-baking-worker=262144"
    "memorysetup-temp-allocator-size-gi-baking-worker=262144"
    "memorysetup-temp-allocator-size-gfx=262144"
Player connection [22396]  Target information:

Player connection [22396]  * "[IP] 192.168.1.196 [Port] 0 [Flags] 2 [Guid] 3986152060 [EditorId] 3986152060 [Version] 1048832 [Id] WindowsEditor(7,frazerslaptop) [Debug] 1 [PackageName] WindowsEditor [ProjectName] Editor" 

Player connection [22396] Host joined multi-casting on [225.0.0.222:54997]...
Player connection [22396] Host joined alternative multi-casting on [225.0.0.222:34997]...
JobSystem: Creating JobQueue using job-worker-count value 5
Input System module state changed to: Initialized.
[Physics::Module] Initialized fallback backend.
[Physics::Module] Id: 0xdecafbad
Library Redirect Path: Library/
[Physics::Module] Selected backend.
[Physics::Module] Name: PhysX
[Physics::Module] Id: 0xf2b8ea05
[Physics::Module] SDK Version: 4.1.2
[Physics::Module] Integration Version: 1.0.0
[Physics::Module] Threading Mode: Multi-Threaded
Refreshing native plugins compatible for Editor in 23.26 ms, found 9 plugins.
Preloading 1 native plugins for Editor in 4.31 ms.
Initialize engine version: 6000.0.37f1 (090b7797214c)
[Subsystems] Discovering subsystems at path C:/Program Files/Unity/Hub/Editor/6000.0.37f1/Editor/Data/Resources/UnitySubsystems
[Subsystems] Discovering subsystems at path C:/Unity-P4/UnityLearning/Assets
GfxDevice: creating device client; kGfxThreadingModeNonThreaded
Direct3D:
    Version:  Direct3D 11.0 [level 11.1]
    Renderer: Intel(R) Iris(R) Xe Graphics (ID=0x46a8)
    Vendor:   Intel
    VRAM:     3948 MB
    Driver:   32.0.101.6078
Initialize mono
Mono path[0] = 'C:/Program Files/Unity/Hub/Editor/6000.0.37f1/Editor/Data/Managed'
Mono path[1] = 'C:/Program Files/Unity/Hub/Editor/6000.0.37f1/Editor/Data/MonoBleedingEdge/lib/mono/unityjit-win32'
Mono config path = 'C:/Program Files/Unity/Hub/Editor/6000.0.37f1/Editor/Data/MonoBleedingEdge/etc'
Using monoOptions --debugger-agent=transport=dt_socket,embedding=1,server=y,suspend=n,address=127.0.0.1:56852
Begin MonoManager ReloadAssembly
Registering precompiled unity dll's ...
Register platform support module: C:/Program Files/Unity/Hub/Editor/6000.0.37f1/Editor/Data/PlaybackEngines/WebGLSupport/UnityEditor.WebGL.Extensions.dll
Register platform support module: C:/Program Files/Unity/Hub/Editor/6000.0.37f1/Editor/Data/PlaybackEngines/WindowsStandaloneSupport/UnityEditor.WindowsStandalone.Extensions.dll
Registered in 0.010770 seconds.
- Loaded All Assemblies, in  1.052 seconds
Native extension for WindowsStandalone target not found
Native extension for WebGL target not found
Mono: successfully reloaded assembly
- Finished resetting the current domain, in  0.438 seconds
Domain Reload Profiling: 1484ms
	BeginReloadAssembly (319ms)
		ExecutionOrderSort (0ms)
		DisableScriptedObjects (0ms)
		BackupInstance (0ms)
		ReleaseScriptingObjects (0ms)
		CreateAndSetChildDomain (3ms)
	RebuildCommonClasses (64ms)
	RebuildNativeTypeToScriptingClass (18ms)
	initialDomainReloadingComplete (99ms)
	LoadAllAssembliesAndSetupDomain (545ms)
		LoadAssemblies (308ms)
		RebuildTransferFunctionScriptingTraits (0ms)
		AnalyzeDomain (540ms)
			TypeCache.Refresh (538ms)
				TypeCache.ScanAssembly (480ms)
			BuildScriptInfoCaches (0ms)
			ResolveRequiredComponents (1ms)
	FinalizeReload (439ms)
		ReleaseScriptCaches (0ms)
		RebuildScriptCaches (0ms)
		SetupLoadedEditorAssemblies (378ms)
			LogAssemblyErrors (0ms)
			InitializePlatformSupportModulesInManaged (43ms)
			SetLoadedEditorAssemblies (5ms)
			BeforeProcessingInitializeOnLoad (62ms)
			ProcessInitializeOnLoadAttributes (208ms)
			ProcessInitializeOnLoadMethodAttributes (60ms)
			AfterProcessingInitializeOnLoad (0ms)
			EditorAssembliesLoaded (0ms)
		ExecutionOrderSort2 (0ms)
		AwakeInstancesAfterBackupRestoration (0ms)
========================================================================
Worker process is ready to serve import requests
Import Worker Mode flag is 0x00
Begin MonoManager ReloadAssembly
- Loaded All Assemblies, in  2.512 seconds
Refreshing native plugins compatible for Editor in 115.42 ms, found 9 plugins.
Native extension for WindowsStandalone target not found
Native extension for WebGL target not found
The project currently uses the compatibility mode where the Render Graph API is disabled. Support for this mode will be removed in future Unity versions. Migrate existing ScriptableRenderPasses to the new RenderGraph API. After the migration, disable the compatibility mode in Edit > Projects Settings > Graphics > Render Graph.
UnityEngine.Debug:ExtractStackTraceNoAlloc (byte*,int,string)
UnityEngine.StackTraceUtility:ExtractStackTrace ()
UnityEngine.DebugLogHandler:Internal_Log (UnityEngine.LogType,UnityEngine.LogOption,string,UnityEngine.Object)
UnityEngine.DebugLogHandler:LogFormat (UnityEngine.LogType,UnityEngine.Object,string,object[])
UnityEngine.Logger:Log (UnityEngine.LogType,object)
UnityEngine.Debug:LogWarning (object)
UnityEngine.Rendering.Universal.WarnUsingNonRenderGraph:EmitConsoleWarning () (at ./Library/PackageCache/com.unity.render-pipelines.universal@15fef0f41df6/Runtime/Data/UniversalRenderPipelineAsset.cs:427)
System.Reflection.RuntimeMethodInfo:Invoke (object,System.Reflection.BindingFlags,System.Reflection.Binder,object[],System.Globalization.CultureInfo)
System.Reflection.MethodBase:Invoke (object,object[])
UnityEditor.EditorAssemblies:ProcessInitializeOnLoadMethodAttributes ()

(Filename: ./Library/PackageCache/com.unity.render-pipelines.universal@15fef0f41df6/Runtime/Data/UniversalRenderPipelineAsset.cs Line: 427)

Mono: successfully reloaded assembly
- Finished resetting the current domain, in  4.279 seconds
Domain Reload Profiling: 6775ms
	BeginReloadAssembly (268ms)
		ExecutionOrderSort (0ms)
		DisableScriptedObjects (7ms)
		BackupInstance (0ms)
		ReleaseScriptingObjects (0ms)
		CreateAndSetChildDomain (38ms)
	RebuildCommonClasses (53ms)
	RebuildNativeTypeToScriptingClass (19ms)
	initialDomainReloadingComplete (71ms)
	LoadAllAssembliesAndSetupDomain (2084ms)
		LoadAssemblies (1301ms)
		RebuildTransferFunctionScriptingTraits (0ms)
		AnalyzeDomain (948ms)
			TypeCache.Refresh (690ms)
				TypeCache.ScanAssembly (624ms)
			BuildScriptInfoCaches (221ms)
			ResolveRequiredComponents (30ms)
	FinalizeReload (4280ms)
		ReleaseScriptCaches (0ms)
		RebuildScriptCaches (0ms)
		SetupLoadedEditorAssemblies (3661ms)
			LogAssemblyErrors (0ms)
			InitializePlatformSupportModulesInManaged (9ms)
			SetLoadedEditorAssemblies (22ms)
			BeforeProcessingInitializeOnLoad (817ms)
			ProcessInitializeOnLoadAttributes (2371ms)
			ProcessInitializeOnLoadMethodAttributes (360ms)
			AfterProcessingInitializeOnLoad (80ms)
			EditorAssembliesLoaded (1ms)
		ExecutionOrderSort2 (0ms)
		AwakeInstancesAfterBackupRestoration (27ms)
Launched and connected shader compiler UnityShaderCompiler.exe after 0.01 seconds
Refreshing native plugins compatible for Editor in 23.32 ms, found 9 plugins.
Preloading 1 native plugins for Editor in 0.15 ms.
Unloading 230 Unused Serialized files (Serialized files now loaded: 0)
Unloading 6364 unused Assets / (5.5 MB). Loaded Objects now: 7043.
Memory consumption went from 169.0 MB to 163.5 MB.
Total: 19.558800 ms (FindLiveObjects: 1.276700 ms CreateObjectMapping: 1.061600 ms MarkObjects: 11.828100 ms  DeleteObjects: 5.191000 ms)

========================================================================
Received Prepare
Begin MonoManager ReloadAssembly
- Loaded All Assemblies, in  7.327 seconds
Refreshing native plugins compatible for Editor in 22.32 ms, found 9 plugins.
Native extension for WindowsStandalone target not found
Native extension for WebGL target not found
The project currently uses the compatibility mode where the Render Graph API is disabled. Support for this mode will be removed in future Unity versions. Migrate existing ScriptableRenderPasses to the new RenderGraph API. After the migration, disable the compatibility mode in Edit > Projects Settings > Graphics > Render Graph.
UnityEngine.Debug:ExtractStackTraceNoAlloc (byte*,int,string)
UnityEngine.StackTraceUtility:ExtractStackTrace ()
UnityEngine.DebugLogHandler:Internal_Log (UnityEngine.LogType,UnityEngine.LogOption,string,UnityEngine.Object)
UnityEngine.DebugLogHandler:LogFormat (UnityEngine.LogType,UnityEngine.Object,string,object[])
UnityEngine.Logger:Log (UnityEngine.LogType,object)
UnityEngine.Debug:LogWarning (object)
UnityEngine.Rendering.Universal.WarnUsingNonRenderGraph:EmitConsoleWarning () (at ./Library/PackageCache/com.unity.render-pipelines.universal@15fef0f41df6/Runtime/Data/UniversalRenderPipelineAsset.cs:427)
System.Reflection.RuntimeMethodInfo:Invoke (object,System.Reflection.BindingFlags,System.Reflection.Binder,object[],System.Globalization.CultureInfo)
System.Reflection.MethodBase:Invoke (object,object[])
UnityEditor.EditorAssemblies:ProcessInitializeOnLoadMethodAttributes ()

(Filename: ./Library/PackageCache/com.unity.render-pipelines.universal@15fef0f41df6/Runtime/Data/UniversalRenderPipelineAsset.cs Line: 427)

Mono: successfully reloaded assembly
- Finished resetting the current domain, in  4.275 seconds
Domain Reload Profiling: 11602ms
	BeginReloadAssembly (819ms)
		ExecutionOrderSort (0ms)
		DisableScriptedObjects (36ms)
		BackupInstance (0ms)
		ReleaseScriptingObjects (1ms)
		CreateAndSetChildDomain (282ms)
	RebuildCommonClasses (139ms)
	RebuildNativeTypeToScriptingClass (40ms)
	initialDomainReloadingComplete (125ms)
	LoadAllAssembliesAndSetupDomain (6199ms)
		LoadAssemblies (5647ms)
		RebuildTransferFunctionScriptingTraits (0ms)
		AnalyzeDomain (868ms)
			TypeCache.Refresh (119ms)
				TypeCache.ScanAssembly (11ms)
			BuildScriptInfoCaches (708ms)
			ResolveRequiredComponents (27ms)
	FinalizeReload (4280ms)
		ReleaseScriptCaches (0ms)
		RebuildScriptCaches (0ms)
		SetupLoadedEditorAssemblies (2271ms)
			LogAssemblyErrors (0ms)
			InitializePlatformSupportModulesInManaged (15ms)
			SetLoadedEditorAssemblies (13ms)
			BeforeProcessingInitializeOnLoad (416ms)
			ProcessInitializeOnLoadAttributes (1659ms)
			ProcessInitializeOnLoadMethodAttributes (148ms)
			AfterProcessingInitializeOnLoad (19ms)
			EditorAssembliesLoaded (1ms)
		ExecutionOrderSort2 (0ms)
		AwakeInstancesAfterBackupRestoration (44ms)
Refreshing native plugins compatible for Editor in 19.23 ms, found 9 plugins.
Preloading 1 native plugins for Editor in 1.04 ms.
Unloading 26 Unused Serialized files (Serialized files now loaded: 0)
Unloading 6362 unused Assets / (4.1 MB). Loaded Objects now: 7057.
Memory consumption went from 148.2 MB to 144.1 MB.
Total: 40.498300 ms (FindLiveObjects: 2.145300 ms CreateObjectMapping: 4.115900 ms MarkObjects: 23.475000 ms  DeleteObjects: 10.757600 ms)

Prepare: number of updated asset objects reloaded= 0
========================================================================
Received Import Request.
  Time since last request: 850615.839555 seconds.
  path: Assets/Scripts/ThirdPersonCam.cs
  artifactKey: Guid(1ab12ea8f431f454a938d32e82ea3f6b) Importer(815301076,1909f56bfc062723c751e8b465ee728b)
Start importing Assets/Scripts/ThirdPersonCam.cs using Guid(1ab12ea8f431f454a938d32e82ea3f6b) Importer(815301076,1909f56bfc062723c751e8b465ee728b) (PreviewImporter) -> (artifact id: '932addfdb9a83969329393e6eb764c52') in 0.1141485 seconds
Number of updated asset objects reloaded before import = 0Number of asset objects unloaded after import = 0

========================================================================
Received Prepare
Refreshing native plugins compatible for Editor in 17.52 ms, found 9 plugins.
Preloading 1 native plugins for Editor in 0.17 ms.
Unloading 17 Unused Serialized files (Serialized files now loaded: 0)
Unloading 6337 unused Assets / (5.9 MB). Loaded Objects now: 7059.
Memory consumption went from 147.2 MB to 141.3 MB.
Total: 168.279300 ms (FindLiveObjects: 2.480300 ms CreateObjectMapping: 0.995400 ms MarkObjects: 159.022400 ms  DeleteObjects: 5.777400 ms)

Prepare: number of updated asset objects reloaded= 0
========================================================================
Received Import Request.
  Time since last request: 193.642451 seconds.
  path: Assets/Scripts/ThirdPersonCam.cs
  artifactKey: Guid(1ab12ea8f431f454a938d32e82ea3f6b) Importer(815301076,1909f56bfc062723c751e8b465ee728b)
Start importing Assets/Scripts/ThirdPersonCam.cs using Guid(1ab12ea8f431f454a938d32e82ea3f6b) Importer(815301076,1909f56bfc062723c751e8b465ee728b) (PreviewImporter) -> (artifact id: '00000000000000000000000000000000') in 0.038453 seconds
Import Error Code:(4)
Message: Build asset version error: assets/scripts/thirdpersoncam.cs in SourceAssetDB has modification time of '2025-03-05T15:57:14.0263283Z' while content on disk has modification time of '2025-03-05T15:58:22.3231838Z'
  ERROR: Build asset version error: assets/scripts/thirdpersoncam.cs in SourceAssetDB has modification time of '2025-03-05T15:57:14.0263283Z' while content on disk has modification time of '2025-03-05T15:58:22.3231838Z'
Number of updated asset objects reloaded before import = 0Number of asset objects unloaded after import = 0

========================================================================
Received Import Request.
  Time since last request: 0.000022 seconds.
  path: Assets/Scripts/ThirdPersonCam.cs
  artifactKey: Guid(1ab12ea8f431f454a938d32e82ea3f6b) Importer(815301076,1909f56bfc062723c751e8b465ee728b)
Start importing Assets/Scripts/ThirdPersonCam.cs using Guid(1ab12ea8f431f454a938d32e82ea3f6b) Importer(815301076,1909f56bfc062723c751e8b465ee728b) (PreviewImporter) -> (artifact id: '00000000000000000000000000000000') in 0.0006669 seconds
Import Error Code:(4)
Message: Build asset version error: assets/scripts/thirdpersoncam.cs in SourceAssetDB has modification time of '2025-03-05T15:57:14.0263283Z' while content on disk has modification time of '2025-03-05T15:58:22.3231838Z'
  ERROR: Build asset version error: assets/scripts/thirdpersoncam.cs in SourceAssetDB has modification time of '2025-03-05T15:57:14.0263283Z' while content on disk has modification time of '2025-03-05T15:58:22.3231838Z'
Number of updated asset objects reloaded before import = 0Number of asset objects unloaded after import = 0

========================================================================
Received Import Request.
  Time since last request: 0.000025 seconds.
  path: Assets/Scripts/ThirdPersonCam.cs
  artifactKey: Guid(1ab12ea8f431f454a938d32e82ea3f6b) Importer(815301076,1909f56bfc062723c751e8b465ee728b)
Start importing Assets/Scripts/ThirdPersonCam.cs using Guid(1ab12ea8f431f454a938d32e82ea3f6b) Importer(815301076,1909f56bfc062723c751e8b465ee728b) (PreviewImporter) -> (artifact id: '00000000000000000000000000000000') in 0.0007845 seconds
Import Error Code:(4)
Message: Build asset version error: assets/scripts/thirdpersoncam.cs in SourceAssetDB has modification time of '2025-03-05T15:57:14.0263283Z' while content on disk has modification time of '2025-03-05T15:58:22.3231838Z'
  ERROR: Build asset version error: assets/scripts/thirdpersoncam.cs in SourceAssetDB has modification time of '2025-03-05T15:57:14.0263283Z' while content on disk has modification time of '2025-03-05T15:58:22.3231838Z'
Number of updated asset objects reloaded before import = 0Number of asset objects unloaded after import = 0

========================================================================
Received Import Request.
  Time since last request: 0.000033 seconds.
  path: Assets/Scripts/ThirdPersonCam.cs
  artifactKey: Guid(1ab12ea8f431f454a938d32e82ea3f6b) Importer(815301076,1909f56bfc062723c751e8b465ee728b)
Start importing Assets/Scripts/ThirdPersonCam.cs using Guid(1ab12ea8f431f454a938d32e82ea3f6b) Importer(815301076,1909f56bfc062723c751e8b465ee728b) (PreviewImporter) -> (artifact id: '00000000000000000000000000000000') in 0.0007605 seconds
Import Error Code:(4)
Message: Build asset version error: assets/scripts/thirdpersoncam.cs in SourceAssetDB has modification time of '2025-03-05T15:57:14.0263283Z' while content on disk has modification time of '2025-03-05T15:58:22.3231838Z'
  ERROR: Build asset version error: assets/scripts/thirdpersoncam.cs in SourceAssetDB has modification time of '2025-03-05T15:57:14.0263283Z' while content on disk has modification time of '2025-03-05T15:58:22.3231838Z'
Number of updated asset objects reloaded before import = 0Number of asset objects unloaded after import = 0

========================================================================
Received Import Request.
  Time since last request: 0.000023 seconds.
  path: Assets/Scripts/ThirdPersonCam.cs
  artifactKey: Guid(1ab12ea8f431f454a938d32e82ea3f6b) Importer(815301076,1909f56bfc062723c751e8b465ee728b)
Start importing Assets/Scripts/ThirdPersonCam.cs using Guid(1ab12ea8f431f454a938d32e82ea3f6b) Importer(815301076,1909f56bfc062723c751e8b465ee728b) (PreviewImporter) -> (artifact id: '00000000000000000000000000000000') in 0.0006497 seconds
Import Error Code:(4)
Message: Build asset version error: assets/scripts/thirdpersoncam.cs in SourceAssetDB has modification time of '2025-03-05T15:57:14.0263283Z' while content on disk has modification time of '2025-03-05T15:58:22.3231838Z'
  ERROR: Build asset version error: assets/scripts/thirdpersoncam.cs in SourceAssetDB has modification time of '2025-03-05T15:57:14.0263283Z' while content on disk has modification time of '2025-03-05T15:58:22.3231838Z'
Number of updated asset objects reloaded before import = 0Number of asset objects unloaded after import = 0

========================================================================
Received Import Request.
  Time since last request: 0.000021 seconds.
  path: Assets/Scripts/ThirdPersonCam.cs
  artifactKey: Guid(1ab12ea8f431f454a938d32e82ea3f6b) Importer(815301076,1909f56bfc062723c751e8b465ee728b)
Start importing Assets/Scripts/ThirdPersonCam.cs using Guid(1ab12ea8f431f454a938d32e82ea3f6b) Importer(815301076,1909f56bfc062723c751e8b465ee728b) (PreviewImporter) -> (artifact id: '00000000000000000000000000000000') in 0.0008436 seconds
Import Error Code:(4)
Message: Build asset version error: assets/scripts/thirdpersoncam.cs in SourceAssetDB has modification time of '2025-03-05T15:57:14.0263283Z' while content on disk has modification time of '2025-03-05T15:58:22.3231838Z'
  ERROR: Build asset version error: assets/scripts/thirdpersoncam.cs in SourceAssetDB has modification time of '2025-03-05T15:57:14.0263283Z' while content on disk has modification time of '2025-03-05T15:58:22.3231838Z'
Number of updated asset objects reloaded before import = 0Number of asset objects unloaded after import = 0

========================================================================
Received Import Request.
  Time since last request: 0.000024 seconds.
  path: Assets/Scripts/ThirdPersonCam.cs
  artifactKey: Guid(1ab12ea8f431f454a938d32e82ea3f6b) Importer(815301076,1909f56bfc062723c751e8b465ee728b)
Start importing Assets/Scripts/ThirdPersonCam.cs using Guid(1ab12ea8f431f454a938d32e82ea3f6b) Importer(815301076,1909f56bfc062723c751e8b465ee728b) (PreviewImporter) -> (artifact id: '00000000000000000000000000000000') in 0.000692 seconds
Import Error Code:(4)
Message: Build asset version error: assets/scripts/thirdpersoncam.cs in SourceAssetDB has modification time of '2025-03-05T15:57:14.0263283Z' while content on disk has modification time of '2025-03-05T15:58:22.3231838Z'
  ERROR: Build asset version error: assets/scripts/thirdpersoncam.cs in SourceAssetDB has modification time of '2025-03-05T15:57:14.0263283Z' while content on disk has modification time of '2025-03-05T15:58:22.3231838Z'
Number of updated asset objects reloaded before import = 0Number of asset objects unloaded after import = 0

========================================================================
Received Import Request.
  Time since last request: 0.000029 seconds.
  path: Assets/Scripts/ThirdPersonCam.cs
  artifactKey: Guid(1ab12ea8f431f454a938d32e82ea3f6b) Importer(815301076,1909f56bfc062723c751e8b465ee728b)
Start importing Assets/Scripts/ThirdPersonCam.cs using Guid(1ab12ea8f431f454a938d32e82ea3f6b) Importer(815301076,1909f56bfc062723c751e8b465ee728b) (PreviewImporter) -> (artifact id: '00000000000000000000000000000000') in 0.0008225 seconds
Import Error Code:(4)
Message: Build asset version error: assets/scripts/thirdpersoncam.cs in SourceAssetDB has modification time of '2025-03-05T15:57:14.0263283Z' while content on disk has modification time of '2025-03-05T15:58:22.3231838Z'
  ERROR: Build asset version error: assets/scripts/thirdpersoncam.cs in SourceAssetDB has modification time of '2025-03-05T15:57:14.0263283Z' while content on disk has modification time of '2025-03-05T15:58:22.3231838Z'
Number of updated asset objects reloaded before import = 0Number of asset objects unloaded after import = 0

========================================================================
Received Import Request.
  Time since last request: 0.001023 seconds.
  path: Assets/Scripts/ThirdPersonCam.cs
  artifactKey: Guid(1ab12ea8f431f454a938d32e82ea3f6b) Importer(815301076,1909f56bfc062723c751e8b465ee728b)
Start importing Assets/Scripts/ThirdPersonCam.cs using Guid(1ab12ea8f431f454a938d32e82ea3f6b) Importer(815301076,1909f56bfc062723c751e8b465ee728b) (PreviewImporter) -> (artifact id: '00000000000000000000000000000000') in 0.0007039 seconds
Import Error Code:(4)
Message: Build asset version error: assets/scripts/thirdpersoncam.cs in SourceAssetDB has modification time of '2025-03-05T15:57:14.0263283Z' while content on disk has modification time of '2025-03-05T15:58:22.3231838Z'
  ERROR: Build asset version error: assets/scripts/thirdpersoncam.cs in SourceAssetDB has modification time of '2025-03-05T15:57:14.0263283Z' while content on disk has modification time of '2025-03-05T15:58:22.3231838Z'
Number of updated asset objects reloaded before import = 0Number of asset objects unloaded after import = 0

========================================================================
Received Import Request.
  Time since last request: 0.000024 seconds.
  path: Assets/Scripts/ThirdPersonCam.cs
  artifactKey: Guid(1ab12ea8f431f454a938d32e82ea3f6b) Importer(815301076,1909f56bfc062723c751e8b465ee728b)
Start importing Assets/Scripts/ThirdPersonCam.cs using Guid(1ab12ea8f431f454a938d32e82ea3f6b) Importer(815301076,1909f56bfc062723c751e8b465ee728b) (PreviewImporter) -> (artifact id: '00000000000000000000000000000000') in 0.000785 seconds
Import Error Code:(4)
Message: Build asset version error: assets/scripts/thirdpersoncam.cs in SourceAssetDB has modification time of '2025-03-05T15:57:14.0263283Z' while content on disk has modification time of '2025-03-05T15:58:22.3231838Z'
  ERROR: Build asset version error: assets/scripts/thirdpersoncam.cs in SourceAssetDB has modification time of '2025-03-05T15:57:14.0263283Z' while content on disk has modification time of '2025-03-05T15:58:22.3231838Z'
Number of updated asset objects reloaded before import = 0Number of asset objects unloaded after import = 0

========================================================================
Received Import Request.
  Time since last request: 0.000056 seconds.
  path: Assets/Scripts/ThirdPersonCam.cs
  artifactKey: Guid(1ab12ea8f431f454a938d32e82ea3f6b) Importer(815301076,1909f56bfc062723c751e8b465ee728b)
Start importing Assets/Scripts/ThirdPersonCam.cs using Guid(1ab12ea8f431f454a938d32e82ea3f6b) Importer(815301076,1909f56bfc062723c751e8b465ee728b) (PreviewImporter) -> (artifact id: '00000000000000000000000000000000') in 0.0012691 seconds
Import Error Code:(4)
Message: Build asset version error: assets/scripts/thirdpersoncam.cs in SourceAssetDB has modification time of '2025-03-05T15:57:14.0263283Z' while content on disk has modification time of '2025-03-05T15:58:22.3231838Z'
  ERROR: Build asset version error: assets/scripts/thirdpersoncam.cs in SourceAssetDB has modification time of '2025-03-05T15:57:14.0263283Z' while content on disk has modification time of '2025-03-05T15:58:22.3231838Z'
Number of updated asset objects reloaded before import = 0Number of asset objects unloaded after import = 0

========================================================================
Received Import Request.
  Time since last request: 0.000021 seconds.
  path: Assets/Scripts/ThirdPersonCam.cs
  artifactKey: Guid(1ab12ea8f431f454a938d32e82ea3f6b) Importer(815301076,1909f56bfc062723c751e8b465ee728b)
Start importing Assets/Scripts/ThirdPersonCam.cs using Guid(1ab12ea8f431f454a938d32e82ea3f6b) Importer(815301076,1909f56bfc062723c751e8b465ee728b) (PreviewImporter) -> (artifact id: '00000000000000000000000000000000') in 0.000792 seconds
Import Error Code:(4)
Message: Build asset version error: assets/scripts/thirdpersoncam.cs in SourceAssetDB has modification time of '2025-03-05T15:57:14.0263283Z' while content on disk has modification time of '2025-03-05T15:58:22.3231838Z'
  ERROR: Build asset version error: assets/scripts/thirdpersoncam.cs in SourceAssetDB has modification time of '2025-03-05T15:57:14.0263283Z' while content on disk has modification time of '2025-03-05T15:58:22.3231838Z'
Number of updated asset objects reloaded before import = 0Number of asset objects unloaded after import = 0

========================================================================
Received Import Request.
  Time since last request: 0.000023 seconds.
  path: Assets/Scripts/ThirdPersonCam.cs
  artifactKey: Guid(1ab12ea8f431f454a938d32e82ea3f6b) Importer(815301076,1909f56bfc062723c751e8b465ee728b)
Start importing Assets/Scripts/ThirdPersonCam.cs using Guid(1ab12ea8f431f454a938d32e82ea3f6b) Importer(815301076,1909f56bfc062723c751e8b465ee728b) (PreviewImporter) -> (artifact id: '00000000000000000000000000000000') in 0.0007501 seconds
Import Error Code:(4)
Message: Build asset version error: assets/scripts/thirdpersoncam.cs in SourceAssetDB has modification time of '2025-03-05T15:57:14.0263283Z' while content on disk has modification time of '2025-03-05T15:58:22.3231838Z'
  ERROR: Build asset version error: assets/scripts/thirdpersoncam.cs in SourceAssetDB has modification time of '2025-03-05T15:57:14.0263283Z' while content on disk has modification time of '2025-03-05T15:58:22.3231838Z'
Number of updated asset objects reloaded before import = 0Number of asset objects unloaded after import = 0

========================================================================
Received Import Request.
  Time since last request: 0.000027 seconds.
  path: Assets/Scripts/ThirdPersonCam.cs
  artifactKey: Guid(1ab12ea8f431f454a938d32e82ea3f6b) Importer(815301076,1909f56bfc062723c751e8b465ee728b)
Start importing Assets/Scripts/ThirdPersonCam.cs using Guid(1ab12ea8f431f454a938d32e82ea3f6b) Importer(815301076,1909f56bfc062723c751e8b465ee728b) (PreviewImporter) -> (artifact id: '00000000000000000000000000000000') in 0.0010014 seconds
Import Error Code:(4)
Message: Build asset version error: assets/scripts/thirdpersoncam.cs in SourceAssetDB has modification time of '2025-03-05T15:57:14.0263283Z' while content on disk has modification time of '2025-03-05T15:58:22.3231838Z'
  ERROR: Build asset version error: assets/scripts/thirdpersoncam.cs in SourceAssetDB has modification time of '2025-03-05T15:57:14.0263283Z' while content on disk has modification time of '2025-03-05T15:58:22.3231838Z'
Number of updated asset objects reloaded before import = 0Number of asset objects unloaded after import = 0

========================================================================
Received Import Request.
  Time since last request: 0.000031 seconds.
  path: Assets/Scripts/ThirdPersonCam.cs
  artifactKey: Guid(1ab12ea8f431f454a938d32e82ea3f6b) Importer(815301076,1909f56bfc062723c751e8b465ee728b)
Start importing Assets/Scripts/ThirdPersonCam.cs using Guid(1ab12ea8f431f454a938d32e82ea3f6b) Importer(815301076,1909f56bfc062723c751e8b465ee728b) (PreviewImporter) -> (artifact id: '00000000000000000000000000000000') in 0.0006936 seconds
Import Error Code:(4)
Message: Build asset version error: assets/scripts/thirdpersoncam.cs in SourceAssetDB has modification time of '2025-03-05T15:57:14.0263283Z' while content on disk has modification time of '2025-03-05T15:58:22.3231838Z'
  ERROR: Build asset version error: assets/scripts/thirdpersoncam.cs in SourceAssetDB has modification time of '2025-03-05T15:57:14.0263283Z' while content on disk has modification time of '2025-03-05T15:58:22.3231838Z'
Number of updated asset objects reloaded before import = 0Number of asset objects unloaded after import = 0

========================================================================
Received Import Request.
  Time since last request: 0.000065 seconds.
  path: Assets/Scripts/ThirdPersonCam.cs
  artifactKey: Guid(1ab12ea8f431f454a938d32e82ea3f6b) Importer(815301076,1909f56bfc062723c751e8b465ee728b)
Start importing Assets/Scripts/ThirdPersonCam.cs using Guid(1ab12ea8f431f454a938d32e82ea3f6b) Importer(815301076,1909f56bfc062723c751e8b465ee728b) (PreviewImporter) -> (artifact id: '00000000000000000000000000000000') in 0.0006033 seconds
Import Error Code:(4)
Message: Build asset version error: assets/scripts/thirdpersoncam.cs in SourceAssetDB has modification time of '2025-03-05T15:57:14.0263283Z' while content on disk has modification time of '2025-03-05T15:58:22.3231838Z'
  ERROR: Build asset version error: assets/scripts/thirdpersoncam.cs in SourceAssetDB has modification time of '2025-03-05T15:57:14.0263283Z' while content on disk has modification time of '2025-03-05T15:58:22.3231838Z'
Number of updated asset objects reloaded before import = 0Number of asset objects unloaded after import = 0

========================================================================
Received Import Request.
  Time since last request: 0.000028 seconds.
  path: Assets/Scripts/ThirdPersonCam.cs
  artifactKey: Guid(1ab12ea8f431f454a938d32e82ea3f6b) Importer(815301076,1909f56bfc062723c751e8b465ee728b)
Start importing Assets/Scripts/ThirdPersonCam.cs using Guid(1ab12ea8f431f454a938d32e82ea3f6b) Importer(815301076,1909f56bfc062723c751e8b465ee728b) (PreviewImporter) -> (artifact id: '00000000000000000000000000000000') in 0.0007508 seconds
Import Error Code:(4)
Message: Build asset version error: assets/scripts/thirdpersoncam.cs in SourceAssetDB has modification time of '2025-03-05T15:57:14.0263283Z' while content on disk has modification time of '2025-03-05T15:58:22.3231838Z'
  ERROR: Build asset version error: assets/scripts/thirdpersoncam.cs in SourceAssetDB has modification time of '2025-03-05T15:57:14.0263283Z' while content on disk has modification time of '2025-03-05T15:58:22.3231838Z'
Number of updated asset objects reloaded before import = 0Number of asset objects unloaded after import = 0

========================================================================
Received Import Request.
  Time since last request: 0.000046 seconds.
  path: Assets/Scripts/ThirdPersonCam.cs
  artifactKey: Guid(1ab12ea8f431f454a938d32e82ea3f6b) Importer(815301076,1909f56bfc062723c751e8b465ee728b)
Start importing Assets/Scripts/ThirdPersonCam.cs using Guid(1ab12ea8f431f454a938d32e82ea3f6b) Importer(815301076,1909f56bfc062723c751e8b465ee728b) (PreviewImporter) -> (artifact id: '00000000000000000000000000000000') in 0.0007943 seconds
Import Error Code:(4)
Message: Build asset version error: assets/scripts/thirdpersoncam.cs in SourceAssetDB has modification time of '2025-03-05T15:57:14.0263283Z' while content on disk has modification time of '2025-03-05T15:58:22.3231838Z'
  ERROR: Build asset version error: assets/scripts/thirdpersoncam.cs in SourceAssetDB has modification time of '2025-03-05T15:57:14.0263283Z' while content on disk has modification time of '2025-03-05T15:58:22.3231838Z'
Number of updated asset objects reloaded before import = 0Number of asset objects unloaded after import = 0

========================================================================
Received Import Request.
  Time since last request: 0.000017 seconds.
  path: Assets/Scripts/ThirdPersonCam.cs
  artifactKey: Guid(1ab12ea8f431f454a938d32e82ea3f6b) Importer(815301076,1909f56bfc062723c751e8b465ee728b)
Start importing Assets/Scripts/ThirdPersonCam.cs using Guid(1ab12ea8f431f454a938d32e82ea3f6b) Importer(815301076,1909f56bfc062723c751e8b465ee728b) (PreviewImporter) -> (artifact id: '00000000000000000000000000000000') in 0.0006259 seconds
Import Error Code:(4)
Message: Build asset version error: assets/scripts/thirdpersoncam.cs in SourceAssetDB has modification time of '2025-03-05T15:57:14.0263283Z' while content on disk has modification time of '2025-03-05T15:58:22.3231838Z'
  ERROR: Build asset version error: assets/scripts/thirdpersoncam.cs in SourceAssetDB has modification time of '2025-03-05T15:57:14.0263283Z' while content on disk has modification time of '2025-03-05T15:58:22.3231838Z'
Number of updated asset objects reloaded before import = 0Number of asset objects unloaded after import = 0

========================================================================
Received Import Request.
  Time since last request: 0.000015 seconds.
  path: Assets/Scripts/ThirdPersonCam.cs
  artifactKey: Guid(1ab12ea8f431f454a938d32e82ea3f6b) Importer(815301076,1909f56bfc062723c751e8b465ee728b)
Start importing Assets/Scripts/ThirdPersonCam.cs using Guid(1ab12ea8f431f454a938d32e82ea3f6b) Importer(815301076,1909f56bfc062723c751e8b465ee728b) (PreviewImporter) -> (artifact id: '00000000000000000000000000000000') in 0.0006917 seconds
Import Error Code:(4)
Message: Build asset version error: assets/scripts/thirdpersoncam.cs in SourceAssetDB has modification time of '2025-03-05T15:57:14.0263283Z' while content on disk has modification time of '2025-03-05T15:58:22.3231838Z'
  ERROR: Build asset version error: assets/scripts/thirdpersoncam.cs in SourceAssetDB has modification time of '2025-03-05T15:57:14.0263283Z' while content on disk has modification time of '2025-03-05T15:58:22.3231838Z'
Number of updated asset objects reloaded before import = 0Number of asset objects unloaded after import = 0

========================================================================
Received Import Request.
  Time since last request: 0.000022 seconds.
  path: Assets/Scripts/ThirdPersonCam.cs
  artifactKey: Guid(1ab12ea8f431f454a938d32e82ea3f6b) Importer(815301076,1909f56bfc062723c751e8b465ee728b)
Start importing Assets/Scripts/ThirdPersonCam.cs using Guid(1ab12ea8f431f454a938d32e82ea3f6b) Importer(815301076,1909f56bfc062723c751e8b465ee728b) (PreviewImporter) -> (artifact id: '00000000000000000000000000000000') in 0.0006538 seconds
Import Error Code:(4)
Message: Build asset version error: assets/scripts/thirdpersoncam.cs in SourceAssetDB has modification time of '2025-03-05T15:57:14.0263283Z' while content on disk has modification time of '2025-03-05T15:58:22.3231838Z'
  ERROR: Build asset version error: assets/scripts/thirdpersoncam.cs in SourceAssetDB has modification time of '2025-03-05T15:57:14.0263283Z' while content on disk has modification time of '2025-03-05T15:58:22.3231838Z'
Number of updated asset objects reloaded before import = 0Number of asset objects unloaded after import = 0

========================================================================
Received Import Request.
  Time since last request: 0.000029 seconds.
  path: Assets/Scripts/ThirdPersonCam.cs
  artifactKey: Guid(1ab12ea8f431f454a938d32e82ea3f6b) Importer(815301076,1909f56bfc062723c751e8b465ee728b)
Start importing Assets/Scripts/ThirdPersonCam.cs using Guid(1ab12ea8f431f454a938d32e82ea3f6b) Importer(815301076,1909f56bfc062723c751e8b465ee728b) (PreviewImporter) -> (artifact id: '00000000000000000000000000000000') in 0.0005916 seconds
Import Error Code:(4)
Message: Build asset version error: assets/scripts/thirdpersoncam.cs in SourceAssetDB has modification time of '2025-03-05T15:57:14.0263283Z' while content on disk has modification time of '2025-03-05T15:58:22.3231838Z'
  ERROR: Build asset version error: assets/scripts/thirdpersoncam.cs in SourceAssetDB has modification time of '2025-03-05T15:57:14.0263283Z' while content on disk has modification time of '2025-03-05T15:58:22.3231838Z'
Number of updated asset objects reloaded before import = 0Number of asset objects unloaded after import = 0

========================================================================
Received Import Request.
  Time since last request: 0.000017 seconds.
  path: Assets/Scripts/ThirdPersonCam.cs
  artifactKey: Guid(1ab12ea8f431f454a938d32e82ea3f6b) Importer(815301076,1909f56bfc062723c751e8b465ee728b)
Start importing Assets/Scripts/ThirdPersonCam.cs using Guid(1ab12ea8f431f454a938d32e82ea3f6b) Importer(815301076,1909f56bfc062723c751e8b465ee728b) (PreviewImporter) -> (artifact id: '00000000000000000000000000000000') in 0.000576 seconds
Import Error Code:(4)
Message: Build asset version error: assets/scripts/thirdpersoncam.cs in SourceAssetDB has modification time of '2025-03-05T15:57:14.0263283Z' while content on disk has modification time of '2025-03-05T15:58:22.3231838Z'
  ERROR: Build asset version error: assets/scripts/thirdpersoncam.cs in SourceAssetDB has modification time of '2025-03-05T15:57:14.0263283Z' while content on disk has modification time of '2025-03-05T15:58:22.3231838Z'
Number of updated asset objects reloaded before import = 0Number of asset objects unloaded after import = 0

========================================================================
Received Import Request.
  Time since last request: 0.000017 seconds.
  path: Assets/Scripts/ThirdPersonCam.cs
  artifactKey: Guid(1ab12ea8f431f454a938d32e82ea3f6b) Importer(815301076,1909f56bfc062723c751e8b465ee728b)
Start importing Assets/Scripts/ThirdPersonCam.cs using Guid(1ab12ea8f431f454a938d32e82ea3f6b) Importer(815301076,1909f56bfc062723c751e8b465ee728b) (PreviewImporter) -> (artifact id: '00000000000000000000000000000000') in 0.000712 seconds
Import Error Code:(4)
Message: Build asset version error: assets/scripts/thirdpersoncam.cs in SourceAssetDB has modification time of '2025-03-05T15:57:14.0263283Z' while content on disk has modification time of '2025-03-05T15:58:22.3231838Z'
  ERROR: Build asset version error: assets/scripts/thirdpersoncam.cs in SourceAssetDB has modification time of '2025-03-05T15:57:14.0263283Z' while content on disk has modification time of '2025-03-05T15:58:22.3231838Z'
Number of updated asset objects reloaded before import = 0Number of asset objects unloaded after import = 0

========================================================================
Received Import Request.
  Time since last request: 0.000020 seconds.
  path: Assets/Scripts/ThirdPersonCam.cs
  artifactKey: Guid(1ab12ea8f431f454a938d32e82ea3f6b) Importer(815301076,1909f56bfc062723c751e8b465ee728b)
Start importing Assets/Scripts/ThirdPersonCam.cs using Guid(1ab12ea8f431f454a938d32e82ea3f6b) Importer(815301076,1909f56bfc062723c751e8b465ee728b) (PreviewImporter) -> (artifact id: '00000000000000000000000000000000') in 0.0008877 seconds
Import Error Code:(4)
Message: Build asset version error: assets/scripts/thirdpersoncam.cs in SourceAssetDB has modification time of '2025-03-05T15:57:14.0263283Z' while content on disk has modification time of '2025-03-05T15:58:22.3231838Z'
  ERROR: Build asset version error: assets/scripts/thirdpersoncam.cs in SourceAssetDB has modification time of '2025-03-05T15:57:14.0263283Z' while content on disk has modification time of '2025-03-05T15:58:22.3231838Z'
Number of updated asset objects reloaded before import = 0Number of asset objects unloaded after import = 0

========================================================================
Received Import Request.
  Time since last request: 0.000015 seconds.
  path: Assets/Scripts/ThirdPersonCam.cs
  artifactKey: Guid(1ab12ea8f431f454a938d32e82ea3f6b) Importer(815301076,1909f56bfc062723c751e8b465ee728b)
Start importing Assets/Scripts/ThirdPersonCam.cs using Guid(1ab12ea8f431f454a938d32e82ea3f6b) Importer(815301076,1909f56bfc062723c751e8b465ee728b) (PreviewImporter) -> (artifact id: '00000000000000000000000000000000') in 0.0008207 seconds
Import Error Code:(4)
Message: Build asset version error: assets/scripts/thirdpersoncam.cs in SourceAssetDB has modification time of '2025-03-05T15:57:14.0263283Z' while content on disk has modification time of '2025-03-05T15:58:22.3231838Z'
  ERROR: Build asset version error: assets/scripts/thirdpersoncam.cs in SourceAssetDB has modification time of '2025-03-05T15:57:14.0263283Z' while content on disk has modification time of '2025-03-05T15:58:22.3231838Z'
Number of updated asset objects reloaded before import = 0Number of asset objects unloaded after import = 0

========================================================================
Received Import Request.
  Time since last request: 0.000016 seconds.
  path: Assets/Scripts/ThirdPersonCam.cs
  artifactKey: Guid(1ab12ea8f431f454a938d32e82ea3f6b) Importer(815301076,1909f56bfc062723c751e8b465ee728b)
Start importing Assets/Scripts/ThirdPersonCam.cs using Guid(1ab12ea8f431f454a938d32e82ea3f6b) Importer(815301076,1909f56bfc062723c751e8b465ee728b) (PreviewImporter) -> (artifact id: '00000000000000000000000000000000') in 0.0007373 seconds
Import Error Code:(4)
Message: Build asset version error: assets/scripts/thirdpersoncam.cs in SourceAssetDB has modification time of '2025-03-05T15:57:14.0263283Z' while content on disk has modification time of '2025-03-05T15:58:22.3231838Z'
  ERROR: Build asset version error: assets/scripts/thirdpersoncam.cs in SourceAssetDB has modification time of '2025-03-05T15:57:14.0263283Z' while content on disk has modification time of '2025-03-05T15:58:22.3231838Z'
Number of updated asset objects reloaded before import = 0Number of asset objects unloaded after import = 0

========================================================================
Received Import Request.
  Time since last request: 0.000024 seconds.
  path: Assets/Scripts/ThirdPersonCam.cs
  artifactKey: Guid(1ab12ea8f431f454a938d32e82ea3f6b) Importer(815301076,1909f56bfc062723c751e8b465ee728b)
Start importing Assets/Scripts/ThirdPersonCam.cs using Guid(1ab12ea8f431f454a938d32e82ea3f6b) Importer(815301076,1909f56bfc062723c751e8b465ee728b) (PreviewImporter) -> (artifact id: '00000000000000000000000000000000') in 0.0005846 seconds
Import Error Code:(4)
Message: Build asset version error: assets/scripts/thirdpersoncam.cs in SourceAssetDB has modification time of '2025-03-05T15:57:14.0263283Z' while content on disk has modification time of '2025-03-05T15:58:22.3231838Z'
  ERROR: Build asset version error: assets/scripts/thirdpersoncam.cs in SourceAssetDB has modification time of '2025-03-05T15:57:14.0263283Z' while content on disk has modification time of '2025-03-05T15:58:22.3231838Z'
Number of updated asset objects reloaded before import = 0Number of asset objects unloaded after import = 0

========================================================================
Received Import Request.
  Time since last request: 0.000034 seconds.
  path: Assets/Scripts/ThirdPersonCam.cs
  artifactKey: Guid(1ab12ea8f431f454a938d32e82ea3f6b) Importer(815301076,1909f56bfc062723c751e8b465ee728b)
Start importing Assets/Scripts/ThirdPersonCam.cs using Guid(1ab12ea8f431f454a938d32e82ea3f6b) Importer(815301076,1909f56bfc062723c751e8b465ee728b) (PreviewImporter) -> (artifact id: '00000000000000000000000000000000') in 0.0006012 seconds
Import Error Code:(4)
Message: Build asset version error: assets/scripts/thirdpersoncam.cs in SourceAssetDB has modification time of '2025-03-05T15:57:14.0263283Z' while content on disk has modification time of '2025-03-05T15:58:22.3231838Z'
  ERROR: Build asset version error: assets/scripts/thirdpersoncam.cs in SourceAssetDB has modification time of '2025-03-05T15:57:14.0263283Z' while content on disk has modification time of '2025-03-05T15:58:22.3231838Z'
Number of updated asset objects reloaded before import = 0Number of asset objects unloaded after import = 0

========================================================================
Received Import Request.
  Time since last request: 0.000018 seconds.
  path: Assets/Scripts/ThirdPersonCam.cs
  artifactKey: Guid(1ab12ea8f431f454a938d32e82ea3f6b) Importer(815301076,1909f56bfc062723c751e8b465ee728b)
Start importing Assets/Scripts/ThirdPersonCam.cs using Guid(1ab12ea8f431f454a938d32e82ea3f6b) Importer(815301076,1909f56bfc062723c751e8b465ee728b) (PreviewImporter) -> (artifact id: '00000000000000000000000000000000') in 0.0005842 seconds
Import Error Code:(4)
Message: Build asset version error: assets/scripts/thirdpersoncam.cs in SourceAssetDB has modification time of '2025-03-05T15:57:14.0263283Z' while content on disk has modification time of '2025-03-05T15:58:22.3231838Z'
  ERROR: Build asset version error: assets/scripts/thirdpersoncam.cs in SourceAssetDB has modification time of '2025-03-05T15:57:14.0263283Z' while content on disk has modification time of '2025-03-05T15:58:22.3231838Z'
Number of updated asset objects reloaded before import = 0Number of asset objects unloaded after import = 0

========================================================================
Received Import Request.
  Time since last request: 0.000018 seconds.
  path: Assets/Scripts/ThirdPersonCam.cs
  artifactKey: Guid(1ab12ea8f431f454a938d32e82ea3f6b) Importer(815301076,1909f56bfc062723c751e8b465ee728b)
Start importing Assets/Scripts/ThirdPersonCam.cs using Guid(1ab12ea8f431f454a938d32e82ea3f6b) Importer(815301076,1909f56bfc062723c751e8b465ee728b) (PreviewImporter) -> (artifact id: '00000000000000000000000000000000') in 0.0007499 seconds
Import Error Code:(4)
Message: Build asset version error: assets/scripts/thirdpersoncam.cs in SourceAssetDB has modification time of '2025-03-05T15:57:14.0263283Z' while content on disk has modification time of '2025-03-05T15:58:22.3231838Z'
  ERROR: Build asset version error: assets/scripts/thirdpersoncam.cs in SourceAssetDB has modification time of '2025-03-05T15:57:14.0263283Z' while content on disk has modification time of '2025-03-05T15:58:22.3231838Z'
Number of updated asset objects reloaded before import = 0Number of asset objects unloaded after import = 0

========================================================================
Received Import Request.
  Time since last request: 0.000023 seconds.
  path: Assets/Scripts/ThirdPersonCam.cs
  artifactKey: Guid(1ab12ea8f431f454a938d32e82ea3f6b) Importer(815301076,1909f56bfc062723c751e8b465ee728b)
Start importing Assets/Scripts/ThirdPersonCam.cs using Guid(1ab12ea8f431f454a938d32e82ea3f6b) Importer(815301076,1909f56bfc062723c751e8b465ee728b) (PreviewImporter) -> (artifact id: '00000000000000000000000000000000') in 0.0007426 seconds
Import Error Code:(4)
Message: Build asset version error: assets/scripts/thirdpersoncam.cs in SourceAssetDB has modification time of '2025-03-05T15:57:14.0263283Z' while content on disk has modification time of '2025-03-05T15:58:22.3231838Z'
  ERROR: Build asset version error: assets/scripts/thirdpersoncam.cs in SourceAssetDB has modification time of '2025-03-05T15:57:14.0263283Z' while content on disk has modification time of '2025-03-05T15:58:22.3231838Z'
Number of updated asset objects reloaded before import = 0Number of asset objects unloaded after import = 0

========================================================================
Received Import Request.
  Time since last request: 0.000025 seconds.
  path: Assets/Scripts/ThirdPersonCam.cs
  artifactKey: Guid(1ab12ea8f431f454a938d32e82ea3f6b) Importer(815301076,1909f56bfc062723c751e8b465ee728b)
Start importing Assets/Scripts/ThirdPersonCam.cs using Guid(1ab12ea8f431f454a938d32e82ea3f6b) Importer(815301076,1909f56bfc062723c751e8b465ee728b) (PreviewImporter) -> (artifact id: '00000000000000000000000000000000') in 0.0008902 seconds
Import Error Code:(4)
Message: Build asset version error: assets/scripts/thirdpersoncam.cs in SourceAssetDB has modification time of '2025-03-05T15:57:14.0263283Z' while content on disk has modification time of '2025-03-05T15:58:22.3231838Z'
  ERROR: Build asset version error: assets/scripts/thirdpersoncam.cs in SourceAssetDB has modification time of '2025-03-05T15:57:14.0263283Z' while content on disk has modification time of '2025-03-05T15:58:22.3231838Z'
Number of updated asset objects reloaded before import = 0Number of asset objects unloaded after import = 0

========================================================================
Received Import Request.
  Time since last request: 0.000022 seconds.
  path: Assets/Scripts/ThirdPersonCam.cs
  artifactKey: Guid(1ab12ea8f431f454a938d32e82ea3f6b) Importer(815301076,1909f56bfc062723c751e8b465ee728b)
Start importing Assets/Scripts/ThirdPersonCam.cs using Guid(1ab12ea8f431f454a938d32e82ea3f6b) Importer(815301076,1909f56bfc062723c751e8b465ee728b) (PreviewImporter) -> (artifact id: '00000000000000000000000000000000') in 0.0007778 seconds
Import Error Code:(4)
Message: Build asset version error: assets/scripts/thirdpersoncam.cs in SourceAssetDB has modification time of '2025-03-05T15:57:14.0263283Z' while content on disk has modification time of '2025-03-05T15:58:22.3231838Z'
  ERROR: Build asset version error: assets/scripts/thirdpersoncam.cs in SourceAssetDB has modification time of '2025-03-05T15:57:14.0263283Z' while content on disk has modification time of '2025-03-05T15:58:22.3231838Z'
Number of updated asset objects reloaded before import = 0Number of asset objects unloaded after import = 0

========================================================================
Received Import Request.
  Time since last request: 0.000037 seconds.
  path: Assets/Scripts/ThirdPersonCam.cs
  artifactKey: Guid(1ab12ea8f431f454a938d32e82ea3f6b) Importer(815301076,1909f56bfc062723c751e8b465ee728b)
Start importing Assets/Scripts/ThirdPersonCam.cs using Guid(1ab12ea8f431f454a938d32e82ea3f6b) Importer(815301076,1909f56bfc062723c751e8b465ee728b) (PreviewImporter) -> (artifact id: '00000000000000000000000000000000') in 0.0007069 seconds
Import Error Code:(4)
Message: Build asset version error: assets/scripts/thirdpersoncam.cs in SourceAssetDB has modification time of '2025-03-05T15:57:14.0263283Z' while content on disk has modification time of '2025-03-05T15:58:22.3231838Z'
  ERROR: Build asset version error: assets/scripts/thirdpersoncam.cs in SourceAssetDB has modification time of '2025-03-05T15:57:14.0263283Z' while content on disk has modification time of '2025-03-05T15:58:22.3231838Z'
Number of updated asset objects reloaded before import = 0Number of asset objects unloaded after import = 0

========================================================================
Received Import Request.
  Time since last request: 0.000019 seconds.
  path: Assets/Scripts/ThirdPersonCam.cs
  artifactKey: Guid(1ab12ea8f431f454a938d32e82ea3f6b) Importer(815301076,1909f56bfc062723c751e8b465ee728b)
Start importing Assets/Scripts/ThirdPersonCam.cs using Guid(1ab12ea8f431f454a938d32e82ea3f6b) Importer(815301076,1909f56bfc062723c751e8b465ee728b) (PreviewImporter) -> (artifact id: '00000000000000000000000000000000') in 0.0015816 seconds
Import Error Code:(4)
Message: Build asset version error: assets/scripts/thirdpersoncam.cs in SourceAssetDB has modification time of '2025-03-05T15:57:14.0263283Z' while content on disk has modification time of '2025-03-05T15:58:22.3231838Z'
  ERROR: Build asset version error: assets/scripts/thirdpersoncam.cs in SourceAssetDB has modification time of '2025-03-05T15:57:14.0263283Z' while content on disk has modification time of '2025-03-05T15:58:22.3231838Z'
Number of updated asset objects reloaded before import = 0Number of asset objects unloaded after import = 0

========================================================================
Received Import Request.
  Time since last request: 0.000021 seconds.
  path: Assets/Scripts/ThirdPersonCam.cs
  artifactKey: Guid(1ab12ea8f431f454a938d32e82ea3f6b) Importer(815301076,1909f56bfc062723c751e8b465ee728b)
Start importing Assets/Scripts/ThirdPersonCam.cs using Guid(1ab12ea8f431f454a938d32e82ea3f6b) Importer(815301076,1909f56bfc062723c751e8b465ee728b) (PreviewImporter) -> (artifact id: '00000000000000000000000000000000') in 0.0018408 seconds
Import Error Code:(4)
Message: Build asset version error: assets/scripts/thirdpersoncam.cs in SourceAssetDB has modification time of '2025-03-05T15:57:14.0263283Z' while content on disk has modification time of '2025-03-05T15:58:22.3231838Z'
  ERROR: Build asset version error: assets/scripts/thirdpersoncam.cs in SourceAssetDB has modification time of '2025-03-05T15:57:14.0263283Z' while content on disk has modification time of '2025-03-05T15:58:22.3231838Z'
Number of updated asset objects reloaded before import = 0Number of asset objects unloaded after import = 0

========================================================================
Received Import Request.
  Time since last request: 0.000020 seconds.
  path: Assets/Scripts/ThirdPersonCam.cs
  artifactKey: Guid(1ab12ea8f431f454a938d32e82ea3f6b) Importer(815301076,1909f56bfc062723c751e8b465ee728b)
Start importing Assets/Scripts/ThirdPersonCam.cs using Guid(1ab12ea8f431f454a938d32e82ea3f6b) Importer(815301076,1909f56bfc062723c751e8b465ee728b) (PreviewImporter) -> (artifact id: '00000000000000000000000000000000') in 0.0015095 seconds
Import Error Code:(4)
Message: Build asset version error: assets/scripts/thirdpersoncam.cs in SourceAssetDB has modification time of '2025-03-05T15:57:14.0263283Z' while content on disk has modification time of '2025-03-05T15:58:22.3231838Z'
  ERROR: Build asset version error: assets/scripts/thirdpersoncam.cs in SourceAssetDB has modification time of '2025-03-05T15:57:14.0263283Z' while content on disk has modification time of '2025-03-05T15:58:22.3231838Z'
Number of updated asset objects reloaded before import = 0Number of asset objects unloaded after import = 0

========================================================================
Received Import Request.
  Time since last request: 0.000021 seconds.
  path: Assets/Scripts/ThirdPersonCam.cs
  artifactKey: Guid(1ab12ea8f431f454a938d32e82ea3f6b) Importer(815301076,1909f56bfc062723c751e8b465ee728b)
Start importing Assets/Scripts/ThirdPersonCam.cs using Guid(1ab12ea8f431f454a938d32e82ea3f6b) Importer(815301076,1909f56bfc062723c751e8b465ee728b) (PreviewImporter) -> (artifact id: '00000000000000000000000000000000') in 0.0007167 seconds
Import Error Code:(4)
Message: Build asset version error: assets/scripts/thirdpersoncam.cs in SourceAssetDB has modification time of '2025-03-05T15:57:14.0263283Z' while content on disk has modification time of '2025-03-05T15:58:22.3231838Z'
  ERROR: Build asset version error: assets/scripts/thirdpersoncam.cs in SourceAssetDB has modification time of '2025-03-05T15:57:14.0263283Z' while content on disk has modification time of '2025-03-05T15:58:22.3231838Z'
Number of updated asset objects reloaded before import = 0Number of asset objects unloaded after import = 0

========================================================================
Received Import Request.
  Time since last request: 0.000025 seconds.
  path: Assets/Scripts/ThirdPersonCam.cs
  artifactKey: Guid(1ab12ea8f431f454a938d32e82ea3f6b) Importer(815301076,1909f56bfc062723c751e8b465ee728b)
Start importing Assets/Scripts/ThirdPersonCam.cs using Guid(1ab12ea8f431f454a938d32e82ea3f6b) Importer(815301076,1909f56bfc062723c751e8b465ee728b) (PreviewImporter) -> (artifact id: '00000000000000000000000000000000') in 0.000669 seconds
Import Error Code:(4)
Message: Build asset version error: assets/scripts/thirdpersoncam.cs in SourceAssetDB has modification time of '2025-03-05T15:57:14.0263283Z' while content on disk has modification time of '2025-03-05T15:58:22.3231838Z'
  ERROR: Build asset version error: assets/scripts/thirdpersoncam.cs in SourceAssetDB has modification time of '2025-03-05T15:57:14.0263283Z' while content on disk has modification time of '2025-03-05T15:58:22.3231838Z'
Number of updated asset objects reloaded before import = 0Number of asset objects unloaded after import = 0

========================================================================
Received Import Request.
  Time since last request: 0.000039 seconds.
  path: Assets/Scripts/ThirdPersonCam.cs
  artifactKey: Guid(1ab12ea8f431f454a938d32e82ea3f6b) Importer(815301076,1909f56bfc062723c751e8b465ee728b)
Start importing Assets/Scripts/ThirdPersonCam.cs using Guid(1ab12ea8f431f454a938d32e82ea3f6b) Importer(815301076,1909f56bfc062723c751e8b465ee728b) (PreviewImporter) -> (artifact id: '00000000000000000000000000000000') in 0.0006173 seconds
Import Error Code:(4)
Message: Build asset version error: assets/scripts/thirdpersoncam.cs in SourceAssetDB has modification time of '2025-03-05T15:57:14.0263283Z' while content on disk has modification time of '2025-03-05T15:58:22.3231838Z'
  ERROR: Build asset version error: assets/scripts/thirdpersoncam.cs in SourceAssetDB has modification time of '2025-03-05T15:57:14.0263283Z' while content on disk has modification time of '2025-03-05T15:58:22.3231838Z'
Number of updated asset objects reloaded before import = 0Number of asset objects unloaded after import = 0

========================================================================
Received Import Request.
  Time since last request: 0.000023 seconds.
  path: Assets/Scripts/ThirdPersonCam.cs
  artifactKey: Guid(1ab12ea8f431f454a938d32e82ea3f6b) Importer(815301076,1909f56bfc062723c751e8b465ee728b)
Start importing Assets/Scripts/ThirdPersonCam.cs using Guid(1ab12ea8f431f454a938d32e82ea3f6b) Importer(815301076,1909f56bfc062723c751e8b465ee728b) (PreviewImporter) -> (artifact id: '00000000000000000000000000000000') in 0.0006459 seconds
Import Error Code:(4)
Message: Build asset version error: assets/scripts/thirdpersoncam.cs in SourceAssetDB has modification time of '2025-03-05T15:57:14.0263283Z' while content on disk has modification time of '2025-03-05T15:58:22.3231838Z'
  ERROR: Build asset version error: assets/scripts/thirdpersoncam.cs in SourceAssetDB has modification time of '2025-03-05T15:57:14.0263283Z' while content on disk has modification time of '2025-03-05T15:58:22.3231838Z'
Number of updated asset objects reloaded before import = 0Number of asset objects unloaded after import = 0

========================================================================
Received Import Request.
  Time since last request: 0.000025 seconds.
  path: Assets/Scripts/ThirdPersonCam.cs
  artifactKey: Guid(1ab12ea8f431f454a938d32e82ea3f6b) Importer(815301076,1909f56bfc062723c751e8b465ee728b)
Start importing Assets/Scripts/ThirdPersonCam.cs using Guid(1ab12ea8f431f454a938d32e82ea3f6b) Importer(815301076,1909f56bfc062723c751e8b465ee728b) (PreviewImporter) -> (artifact id: '00000000000000000000000000000000') in 0.0008039 seconds
Import Error Code:(4)
Message: Build asset version error: assets/scripts/thirdpersoncam.cs in SourceAssetDB has modification time of '2025-03-05T15:57:14.0263283Z' while content on disk has modification time of '2025-03-05T15:58:22.3231838Z'
  ERROR: Build asset version error: assets/scripts/thirdpersoncam.cs in SourceAssetDB has modification time of '2025-03-05T15:57:14.0263283Z' while content on disk has modification time of '2025-03-05T15:58:22.3231838Z'
Number of updated asset objects reloaded before import = 0Number of asset objects unloaded after import = 0

========================================================================
Received Import Request.
  Time since last request: 0.000030 seconds.
  path: Assets/Scripts/ThirdPersonCam.cs
  artifactKey: Guid(1ab12ea8f431f454a938d32e82ea3f6b) Importer(815301076,1909f56bfc062723c751e8b465ee728b)
Start importing Assets/Scripts/ThirdPersonCam.cs using Guid(1ab12ea8f431f454a938d32e82ea3f6b) Importer(815301076,1909f56bfc062723c751e8b465ee728b) (PreviewImporter) -> (artifact id: '00000000000000000000000000000000') in 0.0012761 seconds
Import Error Code:(4)
Message: Build asset version error: assets/scripts/thirdpersoncam.cs in SourceAssetDB has modification time of '2025-03-05T15:57:14.0263283Z' while content on disk has modification time of '2025-03-05T15:58:22.3231838Z'
  ERROR: Build asset version error: assets/scripts/thirdpersoncam.cs in SourceAssetDB has modification time of '2025-03-05T15:57:14.0263283Z' while content on disk has modification time of '2025-03-05T15:58:22.3231838Z'
Number of updated asset objects reloaded before import = 0Number of asset objects unloaded after import = 0

========================================================================
Received Import Request.
  Time since last request: 0.000019 seconds.
  path: Assets/Scripts/ThirdPersonCam.cs
  artifactKey: Guid(1ab12ea8f431f454a938d32e82ea3f6b) Importer(815301076,1909f56bfc062723c751e8b465ee728b)
Start importing Assets/Scripts/ThirdPersonCam.cs using Guid(1ab12ea8f431f454a938d32e82ea3f6b) Importer(815301076,1909f56bfc062723c751e8b465ee728b) (PreviewImporter) -> (artifact id: '00000000000000000000000000000000') in 0.0007825 seconds
Import Error Code:(4)
Message: Build asset version error: assets/scripts/thirdpersoncam.cs in SourceAssetDB has modification time of '2025-03-05T15:57:14.0263283Z' while content on disk has modification time of '2025-03-05T15:58:22.3231838Z'
  ERROR: Build asset version error: assets/scripts/thirdpersoncam.cs in SourceAssetDB has modification time of '2025-03-05T15:57:14.0263283Z' while content on disk has modification time of '2025-03-05T15:58:22.3231838Z'
Number of updated asset objects reloaded before import = 0Number of asset objects unloaded after import = 0

========================================================================
Received Import Request.
  Time since last request: 0.000020 seconds.
  path: Assets/Scripts/ThirdPersonCam.cs
  artifactKey: Guid(1ab12ea8f431f454a938d32e82ea3f6b) Importer(815301076,1909f56bfc062723c751e8b465ee728b)
Start importing Assets/Scripts/ThirdPersonCam.cs using Guid(1ab12ea8f431f454a938d32e82ea3f6b) Importer(815301076,1909f56bfc062723c751e8b465ee728b) (PreviewImporter) -> (artifact id: '00000000000000000000000000000000') in 0.0007068 seconds
Import Error Code:(4)
Message: Build asset version error: assets/scripts/thirdpersoncam.cs in SourceAssetDB has modification time of '2025-03-05T15:57:14.0263283Z' while content on disk has modification time of '2025-03-05T15:58:22.3231838Z'
  ERROR: Build asset version error: assets/scripts/thirdpersoncam.cs in SourceAssetDB has modification time of '2025-03-05T15:57:14.0263283Z' while content on disk has modification time of '2025-03-05T15:58:22.3231838Z'
Number of updated asset objects reloaded before import = 0Number of asset objects unloaded after import = 0

========================================================================
Received Import Request.
  Time since last request: 0.000030 seconds.
  path: Assets/Scripts/ThirdPersonCam.cs
  artifactKey: Guid(1ab12ea8f431f454a938d32e82ea3f6b) Importer(815301076,1909f56bfc062723c751e8b465ee728b)
Start importing Assets/Scripts/ThirdPersonCam.cs using Guid(1ab12ea8f431f454a938d32e82ea3f6b) Importer(815301076,1909f56bfc062723c751e8b465ee728b) (PreviewImporter) -> (artifact id: '00000000000000000000000000000000') in 0.0008078 seconds
Import Error Code:(4)
Message: Build asset version error: assets/scripts/thirdpersoncam.cs in SourceAssetDB has modification time of '2025-03-05T15:57:14.0263283Z' while content on disk has modification time of '2025-03-05T15:58:22.3231838Z'
  ERROR: Build asset version error: assets/scripts/thirdpersoncam.cs in SourceAssetDB has modification time of '2025-03-05T15:57:14.0263283Z' while content on disk has modification time of '2025-03-05T15:58:22.3231838Z'
Number of updated asset objects reloaded before import = 0Number of asset objects unloaded after import = 0

========================================================================
Received Import Request.
  Time since last request: 0.000025 seconds.
  path: Assets/Scripts/ThirdPersonCam.cs
  artifactKey: Guid(1ab12ea8f431f454a938d32e82ea3f6b) Importer(815301076,1909f56bfc062723c751e8b465ee728b)
Start importing Assets/Scripts/ThirdPersonCam.cs using Guid(1ab12ea8f431f454a938d32e82ea3f6b) Importer(815301076,1909f56bfc062723c751e8b465ee728b) (PreviewImporter) -> (artifact id: '00000000000000000000000000000000') in 0.0007321 seconds
Import Error Code:(4)
Message: Build asset version error: assets/scripts/thirdpersoncam.cs in SourceAssetDB has modification time of '2025-03-05T15:57:14.0263283Z' while content on disk has modification time of '2025-03-05T15:58:22.3231838Z'
  ERROR: Build asset version error: assets/scripts/thirdpersoncam.cs in SourceAssetDB has modification time of '2025-03-05T15:57:14.0263283Z' while content on disk has modification time of '2025-03-05T15:58:22.3231838Z'
Number of updated asset objects reloaded before import = 0Number of asset objects unloaded after import = 0

========================================================================
Received Import Request.
  Time since last request: 0.000029 seconds.
  path: Assets/Scripts/ThirdPersonCam.cs
  artifactKey: Guid(1ab12ea8f431f454a938d32e82ea3f6b) Importer(815301076,1909f56bfc062723c751e8b465ee728b)
Start importing Assets/Scripts/ThirdPersonCam.cs using Guid(1ab12ea8f431f454a938d32e82ea3f6b) Importer(815301076,1909f56bfc062723c751e8b465ee728b) (PreviewImporter) -> (artifact id: '00000000000000000000000000000000') in 0.0009406 seconds
Import Error Code:(4)
Message: Build asset version error: assets/scripts/thirdpersoncam.cs in SourceAssetDB has modification time of '2025-03-05T15:57:14.0263283Z' while content on disk has modification time of '2025-03-05T15:58:22.3231838Z'
  ERROR: Build asset version error: assets/scripts/thirdpersoncam.cs in SourceAssetDB has modification time of '2025-03-05T15:57:14.0263283Z' while content on disk has modification time of '2025-03-05T15:58:22.3231838Z'
Number of updated asset objects reloaded before import = 0Number of asset objects unloaded after import = 0

========================================================================
Received Import Request.
  Time since last request: 0.000045 seconds.
  path: Assets/Scripts/ThirdPersonCam.cs
  artifactKey: Guid(1ab12ea8f431f454a938d32e82ea3f6b) Importer(815301076,1909f56bfc062723c751e8b465ee728b)
Start importing Assets/Scripts/ThirdPersonCam.cs using Guid(1ab12ea8f431f454a938d32e82ea3f6b) Importer(815301076,1909f56bfc062723c751e8b465ee728b) (PreviewImporter) -> (artifact id: '00000000000000000000000000000000') in 0.0009013 seconds
Import Error Code:(4)
Message: Build asset version error: assets/scripts/thirdpersoncam.cs in SourceAssetDB has modification time of '2025-03-05T15:57:14.0263283Z' while content on disk has modification time of '2025-03-05T15:58:22.3231838Z'
  ERROR: Build asset version error: assets/scripts/thirdpersoncam.cs in SourceAssetDB has modification time of '2025-03-05T15:57:14.0263283Z' while content on disk has modification time of '2025-03-05T15:58:22.3231838Z'
Number of updated asset objects reloaded before import = 0Number of asset objects unloaded after import = 0

========================================================================
Received Import Request.
  Time since last request: 0.000018 seconds.
  path: Assets/Scripts/ThirdPersonCam.cs
  artifactKey: Guid(1ab12ea8f431f454a938d32e82ea3f6b) Importer(815301076,1909f56bfc062723c751e8b465ee728b)
Start importing Assets/Scripts/ThirdPersonCam.cs using Guid(1ab12ea8f431f454a938d32e82ea3f6b) Importer(815301076,1909f56bfc062723c751e8b465ee728b) (PreviewImporter) -> (artifact id: '00000000000000000000000000000000') in 0.0005845 seconds
Import Error Code:(4)
Message: Build asset version error: assets/scripts/thirdpersoncam.cs in SourceAssetDB has modification time of '2025-03-05T15:57:14.0263283Z' while content on disk has modification time of '2025-03-05T15:58:22.3231838Z'
  ERROR: Build asset version error: assets/scripts/thirdpersoncam.cs in SourceAssetDB has modification time of '2025-03-05T15:57:14.0263283Z' while content on disk has modification time of '2025-03-05T15:58:22.3231838Z'
Number of updated asset objects reloaded before import = 0Number of asset objects unloaded after import = 0

========================================================================
Received Import Request.
  Time since last request: 0.000022 seconds.
  path: Assets/Scripts/ThirdPersonCam.cs
  artifactKey: Guid(1ab12ea8f431f454a938d32e82ea3f6b) Importer(815301076,1909f56bfc062723c751e8b465ee728b)
Start importing Assets/Scripts/ThirdPersonCam.cs using Guid(1ab12ea8f431f454a938d32e82ea3f6b) Importer(815301076,1909f56bfc062723c751e8b465ee728b) (PreviewImporter) -> (artifact id: '00000000000000000000000000000000') in 0.0008922 seconds
Import Error Code:(4)
Message: Build asset version error: assets/scripts/thirdpersoncam.cs in SourceAssetDB has modification time of '2025-03-05T15:57:14.0263283Z' while content on disk has modification time of '2025-03-05T15:58:22.3231838Z'
  ERROR: Build asset version error: assets/scripts/thirdpersoncam.cs in SourceAssetDB has modification time of '2025-03-05T15:57:14.0263283Z' while content on disk has modification time of '2025-03-05T15:58:22.3231838Z'
Number of updated asset objects reloaded before import = 0Number of asset objects unloaded after import = 0

========================================================================
Received Import Request.
  Time since last request: 0.000035 seconds.
  path: Assets/Scripts/ThirdPersonCam.cs
  artifactKey: Guid(1ab12ea8f431f454a938d32e82ea3f6b) Importer(815301076,1909f56bfc062723c751e8b465ee728b)
Start importing Assets/Scripts/ThirdPersonCam.cs using Guid(1ab12ea8f431f454a938d32e82ea3f6b) Importer(815301076,1909f56bfc062723c751e8b465ee728b) (PreviewImporter) -> (artifact id: '00000000000000000000000000000000') in 0.0007487 seconds
Import Error Code:(4)
Message: Build asset version error: assets/scripts/thirdpersoncam.cs in SourceAssetDB has modification time of '2025-03-05T15:57:14.0263283Z' while content on disk has modification time of '2025-03-05T15:58:22.3231838Z'
  ERROR: Build asset version error: assets/scripts/thirdpersoncam.cs in SourceAssetDB has modification time of '2025-03-05T15:57:14.0263283Z' while content on disk has modification time of '2025-03-05T15:58:22.3231838Z'
Number of updated asset objects reloaded before import = 0Number of asset objects unloaded after import = 0

========================================================================
Received Import Request.
  Time since last request: 0.031083 seconds.
  path: Assets/Scripts/ThirdPersonCam.cs
  artifactKey: Guid(1ab12ea8f431f454a938d32e82ea3f6b) Importer(815301076,1909f56bfc062723c751e8b465ee728b)
Start importing Assets/Scripts/ThirdPersonCam.cs using Guid(1ab12ea8f431f454a938d32e82ea3f6b) Importer(815301076,1909f56bfc062723c751e8b465ee728b) (PreviewImporter) -> (artifact id: '00000000000000000000000000000000') in 0.0008115 seconds
Import Error Code:(4)
Message: Build asset version error: assets/scripts/thirdpersoncam.cs in SourceAssetDB has modification time of '2025-03-05T15:57:14.0263283Z' while content on disk has modification time of '2025-03-05T15:58:22.3231838Z'
  ERROR: Build asset version error: assets/scripts/thirdpersoncam.cs in SourceAssetDB has modification time of '2025-03-05T15:57:14.0263283Z' while content on disk has modification time of '2025-03-05T15:58:22.3231838Z'
Number of updated asset objects reloaded before import = 0Number of asset objects unloaded after import = 0

========================================================================
Received Import Request.
  Time since last request: 0.000033 seconds.
  path: Assets/Scripts/ThirdPersonCam.cs
  artifactKey: Guid(1ab12ea8f431f454a938d32e82ea3f6b) Importer(815301076,1909f56bfc062723c751e8b465ee728b)
Start importing Assets/Scripts/ThirdPersonCam.cs using Guid(1ab12ea8f431f454a938d32e82ea3f6b) Importer(815301076,1909f56bfc062723c751e8b465ee728b) (PreviewImporter) -> (artifact id: '00000000000000000000000000000000') in 0.0006536 seconds
Import Error Code:(4)
Message: Build asset version error: assets/scripts/thirdpersoncam.cs in SourceAssetDB has modification time of '2025-03-05T15:57:14.0263283Z' while content on disk has modification time of '2025-03-05T15:58:22.3231838Z'
  ERROR: Build asset version error: assets/scripts/thirdpersoncam.cs in SourceAssetDB has modification time of '2025-03-05T15:57:14.0263283Z' while content on disk has modification time of '2025-03-05T15:58:22.3231838Z'
Number of updated asset objects reloaded before import = 0Number of asset objects unloaded after import = 0

========================================================================
Received Import Request.
  Time since last request: 0.000026 seconds.
  path: Assets/Scripts/ThirdPersonCam.cs
  artifactKey: Guid(1ab12ea8f431f454a938d32e82ea3f6b) Importer(815301076,1909f56bfc062723c751e8b465ee728b)
Start importing Assets/Scripts/ThirdPersonCam.cs using Guid(1ab12ea8f431f454a938d32e82ea3f6b) Importer(815301076,1909f56bfc062723c751e8b465ee728b) (PreviewImporter) -> (artifact id: '00000000000000000000000000000000') in 0.0008148 seconds
Import Error Code:(4)
Message: Build asset version error: assets/scripts/thirdpersoncam.cs in SourceAssetDB has modification time of '2025-03-05T15:57:14.0263283Z' while content on disk has modification time of '2025-03-05T15:58:22.3231838Z'
  ERROR: Build asset version error: assets/scripts/thirdpersoncam.cs in SourceAssetDB has modification time of '2025-03-05T15:57:14.0263283Z' while content on disk has modification time of '2025-03-05T15:58:22.3231838Z'
Number of updated asset objects reloaded before import = 0Number of asset objects unloaded after import = 0

========================================================================
Received Import Request.
  Time since last request: 0.000124 seconds.
  path: Assets/Scripts/ThirdPersonCam.cs
  artifactKey: Guid(1ab12ea8f431f454a938d32e82ea3f6b) Importer(815301076,1909f56bfc062723c751e8b465ee728b)
Start importing Assets/Scripts/ThirdPersonCam.cs using Guid(1ab12ea8f431f454a938d32e82ea3f6b) Importer(815301076,1909f56bfc062723c751e8b465ee728b) (PreviewImporter) -> (artifact id: '00000000000000000000000000000000') in 0.0013103 seconds
Import Error Code:(4)
Message: Build asset version error: assets/scripts/thirdpersoncam.cs in SourceAssetDB has modification time of '2025-03-05T15:57:14.0263283Z' while content on disk has modification time of '2025-03-05T15:58:22.3231838Z'
  ERROR: Build asset version error: assets/scripts/thirdpersoncam.cs in SourceAssetDB has modification time of '2025-03-05T15:57:14.0263283Z' while content on disk has modification time of '2025-03-05T15:58:22.3231838Z'
Number of updated asset objects reloaded before import = 0Number of asset objects unloaded after import = 0

========================================================================
Received Import Request.
  Time since last request: 0.000025 seconds.
  path: Assets/Scripts/ThirdPersonCam.cs
  artifactKey: Guid(1ab12ea8f431f454a938d32e82ea3f6b) Importer(815301076,1909f56bfc062723c751e8b465ee728b)
Start importing Assets/Scripts/ThirdPersonCam.cs using Guid(1ab12ea8f431f454a938d32e82ea3f6b) Importer(815301076,1909f56bfc062723c751e8b465ee728b) (PreviewImporter) -> (artifact id: '00000000000000000000000000000000') in 0.0007621 seconds
Import Error Code:(4)
Message: Build asset version error: assets/scripts/thirdpersoncam.cs in SourceAssetDB has modification time of '2025-03-05T15:57:14.0263283Z' while content on disk has modification time of '2025-03-05T15:58:22.3231838Z'
  ERROR: Build asset version error: assets/scripts/thirdpersoncam.cs in SourceAssetDB has modification time of '2025-03-05T15:57:14.0263283Z' while content on disk has modification time of '2025-03-05T15:58:22.3231838Z'
Number of updated asset objects reloaded before import = 0Number of asset objects unloaded after import = 0

========================================================================
Received Import Request.
  Time since last request: 0.000025 seconds.
  path: Assets/Scripts/ThirdPersonCam.cs
  artifactKey: Guid(1ab12ea8f431f454a938d32e82ea3f6b) Importer(815301076,1909f56bfc062723c751e8b465ee728b)
Start importing Assets/Scripts/ThirdPersonCam.cs using Guid(1ab12ea8f431f454a938d32e82ea3f6b) Importer(815301076,1909f56bfc062723c751e8b465ee728b) (PreviewImporter) -> (artifact id: '00000000000000000000000000000000') in 0.0007472 seconds
Import Error Code:(4)
Message: Build asset version error: assets/scripts/thirdpersoncam.cs in SourceAssetDB has modification time of '2025-03-05T15:57:14.0263283Z' while content on disk has modification time of '2025-03-05T15:58:22.3231838Z'
  ERROR: Build asset version error: assets/scripts/thirdpersoncam.cs in SourceAssetDB has modification time of '2025-03-05T15:57:14.0263283Z' while content on disk has modification time of '2025-03-05T15:58:22.3231838Z'
Number of updated asset objects reloaded before import = 0Number of asset objects unloaded after import = 0

========================================================================
Received Import Request.
  Time since last request: 0.000021 seconds.
  path: Assets/Scripts/ThirdPersonCam.cs
  artifactKey: Guid(1ab12ea8f431f454a938d32e82ea3f6b) Importer(815301076,1909f56bfc062723c751e8b465ee728b)
Start importing Assets/Scripts/ThirdPersonCam.cs using Guid(1ab12ea8f431f454a938d32e82ea3f6b) Importer(815301076,1909f56bfc062723c751e8b465ee728b) (PreviewImporter) -> (artifact id: '00000000000000000000000000000000') in 0.0009112 seconds
Import Error Code:(4)
Message: Build asset version error: assets/scripts/thirdpersoncam.cs in SourceAssetDB has modification time of '2025-03-05T15:57:14.0263283Z' while content on disk has modification time of '2025-03-05T15:58:22.3231838Z'
  ERROR: Build asset version error: assets/scripts/thirdpersoncam.cs in SourceAssetDB has modification time of '2025-03-05T15:57:14.0263283Z' while content on disk has modification time of '2025-03-05T15:58:22.3231838Z'
Number of updated asset objects reloaded before import = 0Number of asset objects unloaded after import = 0

========================================================================
Received Import Request.
  Time since last request: 0.000027 seconds.
  path: Assets/Scripts/ThirdPersonCam.cs
  artifactKey: Guid(1ab12ea8f431f454a938d32e82ea3f6b) Importer(815301076,1909f56bfc062723c751e8b465ee728b)
Start importing Assets/Scripts/ThirdPersonCam.cs using Guid(1ab12ea8f431f454a938d32e82ea3f6b) Importer(815301076,1909f56bfc062723c751e8b465ee728b) (PreviewImporter) -> (artifact id: '00000000000000000000000000000000') in 0.0005531 seconds
Import Error Code:(4)
Message: Build asset version error: assets/scripts/thirdpersoncam.cs in SourceAssetDB has modification time of '2025-03-05T15:57:14.0263283Z' while content on disk has modification time of '2025-03-05T15:58:22.3231838Z'
  ERROR: Build asset version error: assets/scripts/thirdpersoncam.cs in SourceAssetDB has modification time of '2025-03-05T15:57:14.0263283Z' while content on disk has modification time of '2025-03-05T15:58:22.3231838Z'
Number of updated asset objects reloaded before import = 0Number of asset objects unloaded after import = 0

========================================================================
Received Import Request.
  Time since last request: 0.000041 seconds.
  path: Assets/Scripts/ThirdPersonCam.cs
  artifactKey: Guid(1ab12ea8f431f454a938d32e82ea3f6b) Importer(815301076,1909f56bfc062723c751e8b465ee728b)
Start importing Assets/Scripts/ThirdPersonCam.cs using Guid(1ab12ea8f431f454a938d32e82ea3f6b) Importer(815301076,1909f56bfc062723c751e8b465ee728b) (PreviewImporter) -> (artifact id: '00000000000000000000000000000000') in 0.0010154 seconds
Import Error Code:(4)
Message: Build asset version error: assets/scripts/thirdpersoncam.cs in SourceAssetDB has modification time of '2025-03-05T15:57:14.0263283Z' while content on disk has modification time of '2025-03-05T15:58:22.3231838Z'
  ERROR: Build asset version error: assets/scripts/thirdpersoncam.cs in SourceAssetDB has modification time of '2025-03-05T15:57:14.0263283Z' while content on disk has modification time of '2025-03-05T15:58:22.3231838Z'
Number of updated asset objects reloaded before import = 0Number of asset objects unloaded after import = 0

========================================================================
Received Import Request.
  Time since last request: 0.000020 seconds.
  path: Assets/Scripts/ThirdPersonCam.cs
  artifactKey: Guid(1ab12ea8f431f454a938d32e82ea3f6b) Importer(815301076,1909f56bfc062723c751e8b465ee728b)
Start importing Assets/Scripts/ThirdPersonCam.cs using Guid(1ab12ea8f431f454a938d32e82ea3f6b) Importer(815301076,1909f56bfc062723c751e8b465ee728b) (PreviewImporter) -> (artifact id: '00000000000000000000000000000000') in 0.0008009 seconds
Import Error Code:(4)
Message: Build asset version error: assets/scripts/thirdpersoncam.cs in SourceAssetDB has modification time of '2025-03-05T15:57:14.0263283Z' while content on disk has modification time of '2025-03-05T15:58:22.3231838Z'
  ERROR: Build asset version error: assets/scripts/thirdpersoncam.cs in SourceAssetDB has modification time of '2025-03-05T15:57:14.0263283Z' while content on disk has modification time of '2025-03-05T15:58:22.3231838Z'
Number of updated asset objects reloaded before import = 0Number of asset objects unloaded after import = 0

========================================================================
Received Import Request.
  Time since last request: 0.000024 seconds.
  path: Assets/Scripts/ThirdPersonCam.cs
  artifactKey: Guid(1ab12ea8f431f454a938d32e82ea3f6b) Importer(815301076,1909f56bfc062723c751e8b465ee728b)
Start importing Assets/Scripts/ThirdPersonCam.cs using Guid(1ab12ea8f431f454a938d32e82ea3f6b) Importer(815301076,1909f56bfc062723c751e8b465ee728b) (PreviewImporter) -> (artifact id: '00000000000000000000000000000000') in 0.0005394 seconds
Import Error Code:(4)
Message: Build asset version error: assets/scripts/thirdpersoncam.cs in SourceAssetDB has modification time of '2025-03-05T15:57:14.0263283Z' while content on disk has modification time of '2025-03-05T15:58:22.3231838Z'
  ERROR: Build asset version error: assets/scripts/thirdpersoncam.cs in SourceAssetDB has modification time of '2025-03-05T15:57:14.0263283Z' while content on disk has modification time of '2025-03-05T15:58:22.3231838Z'
Number of updated asset objects reloaded before import = 0Number of asset objects unloaded after import = 0

========================================================================
Received Import Request.
  Time since last request: 0.000017 seconds.
  path: Assets/Scripts/ThirdPersonCam.cs
  artifactKey: Guid(1ab12ea8f431f454a938d32e82ea3f6b) Importer(815301076,1909f56bfc062723c751e8b465ee728b)
Start importing Assets/Scripts/ThirdPersonCam.cs using Guid(1ab12ea8f431f454a938d32e82ea3f6b) Importer(815301076,1909f56bfc062723c751e8b465ee728b) (PreviewImporter) -> (artifact id: '00000000000000000000000000000000') in 0.0014514 seconds
Import Error Code:(4)
Message: Build asset version error: assets/scripts/thirdpersoncam.cs in SourceAssetDB has modification time of '2025-03-05T15:57:14.0263283Z' while content on disk has modification time of '2025-03-05T15:58:22.3231838Z'
  ERROR: Build asset version error: assets/scripts/thirdpersoncam.cs in SourceAssetDB has modification time of '2025-03-05T15:57:14.0263283Z' while content on disk has modification time of '2025-03-05T15:58:22.3231838Z'
Number of updated asset objects reloaded before import = 0Number of asset objects unloaded after import = 0

========================================================================
Received Import Request.
  Time since last request: 0.000018 seconds.
  path: Assets/Scripts/ThirdPersonCam.cs
  artifactKey: Guid(1ab12ea8f431f454a938d32e82ea3f6b) Importer(815301076,1909f56bfc062723c751e8b465ee728b)
Start importing Assets/Scripts/ThirdPersonCam.cs using Guid(1ab12ea8f431f454a938d32e82ea3f6b) Importer(815301076,1909f56bfc062723c751e8b465ee728b) (PreviewImporter) -> (artifact id: '00000000000000000000000000000000') in 0.0006226 seconds
Import Error Code:(4)
Message: Build asset version error: assets/scripts/thirdpersoncam.cs in SourceAssetDB has modification time of '2025-03-05T15:57:14.0263283Z' while content on disk has modification time of '2025-03-05T15:58:22.3231838Z'
  ERROR: Build asset version error: assets/scripts/thirdpersoncam.cs in SourceAssetDB has modification time of '2025-03-05T15:57:14.0263283Z' while content on disk has modification time of '2025-03-05T15:58:22.3231838Z'
Number of updated asset objects reloaded before import = 0Number of asset objects unloaded after import = 0

========================================================================
Received Import Request.
  Time since last request: 0.000027 seconds.
  path: Assets/Scripts/ThirdPersonCam.cs
  artifactKey: Guid(1ab12ea8f431f454a938d32e82ea3f6b) Importer(815301076,1909f56bfc062723c751e8b465ee728b)
Start importing Assets/Scripts/ThirdPersonCam.cs using Guid(1ab12ea8f431f454a938d32e82ea3f6b) Importer(815301076,1909f56bfc062723c751e8b465ee728b) (PreviewImporter) -> (artifact id: '00000000000000000000000000000000') in 0.0006182 seconds
Import Error Code:(4)
Message: Build asset version error: assets/scripts/thirdpersoncam.cs in SourceAssetDB has modification time of '2025-03-05T15:57:14.0263283Z' while content on disk has modification time of '2025-03-05T15:58:22.3231838Z'
  ERROR: Build asset version error: assets/scripts/thirdpersoncam.cs in SourceAssetDB has modification time of '2025-03-05T15:57:14.0263283Z' while content on disk has modification time of '2025-03-05T15:58:22.3231838Z'
Number of updated asset objects reloaded before import = 0Number of asset objects unloaded after import = 0

========================================================================
Received Import Request.
  Time since last request: 0.000032 seconds.
  path: Assets/Scripts/ThirdPersonCam.cs
  artifactKey: Guid(1ab12ea8f431f454a938d32e82ea3f6b) Importer(815301076,1909f56bfc062723c751e8b465ee728b)
Start importing Assets/Scripts/ThirdPersonCam.cs using Guid(1ab12ea8f431f454a938d32e82ea3f6b) Importer(815301076,1909f56bfc062723c751e8b465ee728b) (PreviewImporter) -> (artifact id: '00000000000000000000000000000000') in 0.0006299 seconds
Import Error Code:(4)
Message: Build asset version error: assets/scripts/thirdpersoncam.cs in SourceAssetDB has modification time of '2025-03-05T15:57:14.0263283Z' while content on disk has modification time of '2025-03-05T15:58:22.3231838Z'
  ERROR: Build asset version error: assets/scripts/thirdpersoncam.cs in SourceAssetDB has modification time of '2025-03-05T15:57:14.0263283Z' while content on disk has modification time of '2025-03-05T15:58:22.3231838Z'
Number of updated asset objects reloaded before import = 0Number of asset objects unloaded after import = 0

========================================================================
Received Import Request.
  Time since last request: 0.000020 seconds.
  path: Assets/Scripts/ThirdPersonCam.cs
  artifactKey: Guid(1ab12ea8f431f454a938d32e82ea3f6b) Importer(815301076,1909f56bfc062723c751e8b465ee728b)
Start importing Assets/Scripts/ThirdPersonCam.cs using Guid(1ab12ea8f431f454a938d32e82ea3f6b) Importer(815301076,1909f56bfc062723c751e8b465ee728b) (PreviewImporter) -> (artifact id: '00000000000000000000000000000000') in 0.0007249 seconds
Import Error Code:(4)
Message: Build asset version error: assets/scripts/thirdpersoncam.cs in SourceAssetDB has modification time of '2025-03-05T15:57:14.0263283Z' while content on disk has modification time of '2025-03-05T15:58:22.3231838Z'
  ERROR: Build asset version error: assets/scripts/thirdpersoncam.cs in SourceAssetDB has modification time of '2025-03-05T15:57:14.0263283Z' while content on disk has modification time of '2025-03-05T15:58:22.3231838Z'
Number of updated asset objects reloaded before import = 0Number of asset objects unloaded after import = 0

========================================================================
Received Import Request.
  Time since last request: 0.000018 seconds.
  path: Assets/Scripts/ThirdPersonCam.cs
  artifactKey: Guid(1ab12ea8f431f454a938d32e82ea3f6b) Importer(815301076,1909f56bfc062723c751e8b465ee728b)
Start importing Assets/Scripts/ThirdPersonCam.cs using Guid(1ab12ea8f431f454a938d32e82ea3f6b) Importer(815301076,1909f56bfc062723c751e8b465ee728b) (PreviewImporter) -> (artifact id: '00000000000000000000000000000000') in 0.0005681 seconds
Import Error Code:(4)
Message: Build asset version error: assets/scripts/thirdpersoncam.cs in SourceAssetDB has modification time of '2025-03-05T15:57:14.0263283Z' while content on disk has modification time of '2025-03-05T15:58:22.3231838Z'
  ERROR: Build asset version error: assets/scripts/thirdpersoncam.cs in SourceAssetDB has modification time of '2025-03-05T15:57:14.0263283Z' while content on disk has modification time of '2025-03-05T15:58:22.3231838Z'
Number of updated asset objects reloaded before import = 0Number of asset objects unloaded after import = 0

========================================================================
Received Import Request.
  Time since last request: 0.000018 seconds.
  path: Assets/Scripts/ThirdPersonCam.cs
  artifactKey: Guid(1ab12ea8f431f454a938d32e82ea3f6b) Importer(815301076,1909f56bfc062723c751e8b465ee728b)
Start importing Assets/Scripts/ThirdPersonCam.cs using Guid(1ab12ea8f431f454a938d32e82ea3f6b) Importer(815301076,1909f56bfc062723c751e8b465ee728b) (PreviewImporter) -> (artifact id: '00000000000000000000000000000000') in 0.0011278 seconds
Import Error Code:(4)
Message: Build asset version error: assets/scripts/thirdpersoncam.cs in SourceAssetDB has modification time of '2025-03-05T15:57:14.0263283Z' while content on disk has modification time of '2025-03-05T15:58:22.3231838Z'
  ERROR: Build asset version error: assets/scripts/thirdpersoncam.cs in SourceAssetDB has modification time of '2025-03-05T15:57:14.0263283Z' while content on disk has modification time of '2025-03-05T15:58:22.3231838Z'
Number of updated asset objects reloaded before import = 0Number of asset objects unloaded after import = 0

========================================================================
Received Import Request.
  Time since last request: 0.000019 seconds.
  path: Assets/Scripts/ThirdPersonCam.cs
  artifactKey: Guid(1ab12ea8f431f454a938d32e82ea3f6b) Importer(815301076,1909f56bfc062723c751e8b465ee728b)
Start importing Assets/Scripts/ThirdPersonCam.cs using Guid(1ab12ea8f431f454a938d32e82ea3f6b) Importer(815301076,1909f56bfc062723c751e8b465ee728b) (PreviewImporter) -> (artifact id: '00000000000000000000000000000000') in 0.0006392 seconds
Import Error Code:(4)
Message: Build asset version error: assets/scripts/thirdpersoncam.cs in SourceAssetDB has modification time of '2025-03-05T15:57:14.0263283Z' while content on disk has modification time of '2025-03-05T15:58:22.3231838Z'
  ERROR: Build asset version error: assets/scripts/thirdpersoncam.cs in SourceAssetDB has modification time of '2025-03-05T15:57:14.0263283Z' while content on disk has modification time of '2025-03-05T15:58:22.3231838Z'
Number of updated asset objects reloaded before import = 0Number of asset objects unloaded after import = 0

========================================================================
Received Import Request.
  Time since last request: 0.000022 seconds.
  path: Assets/Scripts/ThirdPersonCam.cs
  artifactKey: Guid(1ab12ea8f431f454a938d32e82ea3f6b) Importer(815301076,1909f56bfc062723c751e8b465ee728b)
Start importing Assets/Scripts/ThirdPersonCam.cs using Guid(1ab12ea8f431f454a938d32e82ea3f6b) Importer(815301076,1909f56bfc062723c751e8b465ee728b) (PreviewImporter) -> (artifact id: '00000000000000000000000000000000') in 0.0007594 seconds
Import Error Code:(4)
Message: Build asset version error: assets/scripts/thirdpersoncam.cs in SourceAssetDB has modification time of '2025-03-05T15:57:14.0263283Z' while content on disk has modification time of '2025-03-05T15:58:22.3231838Z'
  ERROR: Build asset version error: assets/scripts/thirdpersoncam.cs in SourceAssetDB has modification time of '2025-03-05T15:57:14.0263283Z' while content on disk has modification time of '2025-03-05T15:58:22.3231838Z'
Number of updated asset objects reloaded before import = 0Number of asset objects unloaded after import = 0

========================================================================
Received Import Request.
  Time since last request: 0.000039 seconds.
  path: Assets/Scripts/ThirdPersonCam.cs
  artifactKey: Guid(1ab12ea8f431f454a938d32e82ea3f6b) Importer(815301076,1909f56bfc062723c751e8b465ee728b)
Start importing Assets/Scripts/ThirdPersonCam.cs using Guid(1ab12ea8f431f454a938d32e82ea3f6b) Importer(815301076,1909f56bfc062723c751e8b465ee728b) (PreviewImporter) -> (artifact id: '00000000000000000000000000000000') in 0.0014653 seconds
Import Error Code:(4)
Message: Build asset version error: assets/scripts/thirdpersoncam.cs in SourceAssetDB has modification time of '2025-03-05T15:57:14.0263283Z' while content on disk has modification time of '2025-03-05T15:58:22.3231838Z'
  ERROR: Build asset version error: assets/scripts/thirdpersoncam.cs in SourceAssetDB has modification time of '2025-03-05T15:57:14.0263283Z' while content on disk has modification time of '2025-03-05T15:58:22.3231838Z'
Number of updated asset objects reloaded before import = 0Number of asset objects unloaded after import = 0

========================================================================
Received Import Request.
  Time since last request: 0.000020 seconds.
  path: Assets/Scripts/ThirdPersonCam.cs
  artifactKey: Guid(1ab12ea8f431f454a938d32e82ea3f6b) Importer(815301076,1909f56bfc062723c751e8b465ee728b)
Start importing Assets/Scripts/ThirdPersonCam.cs using Guid(1ab12ea8f431f454a938d32e82ea3f6b) Importer(815301076,1909f56bfc062723c751e8b465ee728b) (PreviewImporter) -> (artifact id: '00000000000000000000000000000000') in 0.0007053 seconds
Import Error Code:(4)
Message: Build asset version error: assets/scripts/thirdpersoncam.cs in SourceAssetDB has modification time of '2025-03-05T15:57:14.0263283Z' while content on disk has modification time of '2025-03-05T15:58:22.3231838Z'
  ERROR: Build asset version error: assets/scripts/thirdpersoncam.cs in SourceAssetDB has modification time of '2025-03-05T15:57:14.0263283Z' while content on disk has modification time of '2025-03-05T15:58:22.3231838Z'
Number of updated asset objects reloaded before import = 0Number of asset objects unloaded after import = 0

========================================================================
Received Import Request.
  Time since last request: 0.000036 seconds.
  path: Assets/Scripts/ThirdPersonCam.cs
  artifactKey: Guid(1ab12ea8f431f454a938d32e82ea3f6b) Importer(815301076,1909f56bfc062723c751e8b465ee728b)
Start importing Assets/Scripts/ThirdPersonCam.cs using Guid(1ab12ea8f431f454a938d32e82ea3f6b) Importer(815301076,1909f56bfc062723c751e8b465ee728b) (PreviewImporter) -> (artifact id: '00000000000000000000000000000000') in 0.0005921 seconds
Import Error Code:(4)
Message: Build asset version error: assets/scripts/thirdpersoncam.cs in SourceAssetDB has modification time of '2025-03-05T15:57:14.0263283Z' while content on disk has modification time of '2025-03-05T15:58:22.3231838Z'
  ERROR: Build asset version error: assets/scripts/thirdpersoncam.cs in SourceAssetDB has modification time of '2025-03-05T15:57:14.0263283Z' while content on disk has modification time of '2025-03-05T15:58:22.3231838Z'
Number of updated asset objects reloaded before import = 0Number of asset objects unloaded after import = 0

========================================================================
Received Import Request.
  Time since last request: 0.000020 seconds.
  path: Assets/Scripts/ThirdPersonCam.cs
  artifactKey: Guid(1ab12ea8f431f454a938d32e82ea3f6b) Importer(815301076,1909f56bfc062723c751e8b465ee728b)
Start importing Assets/Scripts/ThirdPersonCam.cs using Guid(1ab12ea8f431f454a938d32e82ea3f6b) Importer(815301076,1909f56bfc062723c751e8b465ee728b) (PreviewImporter) -> (artifact id: '00000000000000000000000000000000') in 0.0006353 seconds
Import Error Code:(4)
Message: Build asset version error: assets/scripts/thirdpersoncam.cs in SourceAssetDB has modification time of '2025-03-05T15:57:14.0263283Z' while content on disk has modification time of '2025-03-05T15:58:22.3231838Z'
  ERROR: Build asset version error: assets/scripts/thirdpersoncam.cs in SourceAssetDB has modification time of '2025-03-05T15:57:14.0263283Z' while content on disk has modification time of '2025-03-05T15:58:22.3231838Z'
Number of updated asset objects reloaded before import = 0Number of asset objects unloaded after import = 0

========================================================================
Received Import Request.
  Time since last request: 0.000026 seconds.
  path: Assets/Scripts/ThirdPersonCam.cs
  artifactKey: Guid(1ab12ea8f431f454a938d32e82ea3f6b) Importer(815301076,1909f56bfc062723c751e8b465ee728b)
Start importing Assets/Scripts/ThirdPersonCam.cs using Guid(1ab12ea8f431f454a938d32e82ea3f6b) Importer(815301076,1909f56bfc062723c751e8b465ee728b) (PreviewImporter) -> (artifact id: '00000000000000000000000000000000') in 0.0005718 seconds
Import Error Code:(4)
Message: Build asset version error: assets/scripts/thirdpersoncam.cs in SourceAssetDB has modification time of '2025-03-05T15:57:14.0263283Z' while content on disk has modification time of '2025-03-05T15:58:22.3231838Z'
  ERROR: Build asset version error: assets/scripts/thirdpersoncam.cs in SourceAssetDB has modification time of '2025-03-05T15:57:14.0263283Z' while content on disk has modification time of '2025-03-05T15:58:22.3231838Z'
Number of updated asset objects reloaded before import = 0Number of asset objects unloaded after import = 0

========================================================================
Received Import Request.
  Time since last request: 0.000025 seconds.
  path: Assets/Scripts/ThirdPersonCam.cs
  artifactKey: Guid(1ab12ea8f431f454a938d32e82ea3f6b) Importer(815301076,1909f56bfc062723c751e8b465ee728b)
Start importing Assets/Scripts/ThirdPersonCam.cs using Guid(1ab12ea8f431f454a938d32e82ea3f6b) Importer(815301076,1909f56bfc062723c751e8b465ee728b) (PreviewImporter) -> (artifact id: '00000000000000000000000000000000') in 0.000715 seconds
Import Error Code:(4)
Message: Build asset version error: assets/scripts/thirdpersoncam.cs in SourceAssetDB has modification time of '2025-03-05T15:57:14.0263283Z' while content on disk has modification time of '2025-03-05T15:58:22.3231838Z'
  ERROR: Build asset version error: assets/scripts/thirdpersoncam.cs in SourceAssetDB has modification time of '2025-03-05T15:57:14.0263283Z' while content on disk has modification time of '2025-03-05T15:58:22.3231838Z'
Number of updated asset objects reloaded before import = 0Number of asset objects unloaded after import = 0

========================================================================
Received Prepare
Begin MonoManager ReloadAssembly
- Loaded All Assemblies, in  3.465 seconds
Refreshing native plugins compatible for Editor in 12.64 ms, found 9 plugins.
Native extension for WindowsStandalone target not found
Native extension for WebGL target not found
The project currently uses the compatibility mode where the Render Graph API is disabled. Support for this mode will be removed in future Unity versions. Migrate existing ScriptableRenderPasses to the new RenderGraph API. After the migration, disable the compatibility mode in Edit > Projects Settings > Graphics > Render Graph.
UnityEngine.Debug:ExtractStackTraceNoAlloc (byte*,int,string)
UnityEngine.StackTraceUtility:ExtractStackTrace ()
UnityEngine.DebugLogHandler:Internal_Log (UnityEngine.LogType,UnityEngine.LogOption,string,UnityEngine.Object)
UnityEngine.DebugLogHandler:LogFormat (UnityEngine.LogType,UnityEngine.Object,string,object[])
UnityEngine.Logger:Log (UnityEngine.LogType,object)
UnityEngine.Debug:LogWarning (object)
UnityEngine.Rendering.Universal.WarnUsingNonRenderGraph:EmitConsoleWarning () (at ./Library/PackageCache/com.unity.render-pipelines.universal@15fef0f41df6/Runtime/Data/UniversalRenderPipelineAsset.cs:427)
System.Reflection.RuntimeMethodInfo:Invoke (object,System.Reflection.BindingFlags,System.Reflection.Binder,object[],System.Globalization.CultureInfo)
System.Reflection.MethodBase:Invoke (object,object[])
UnityEditor.EditorAssemblies:ProcessInitializeOnLoadMethodAttributes ()

(Filename: ./Library/PackageCache/com.unity.render-pipelines.universal@15fef0f41df6/Runtime/Data/UniversalRenderPipelineAsset.cs Line: 427)

Mono: successfully reloaded assembly
- Finished resetting the current domain, in  1.207 seconds
Domain Reload Profiling: 4665ms
	BeginReloadAssembly (1233ms)
		ExecutionOrderSort (0ms)
		DisableScriptedObjects (99ms)
		BackupInstance (0ms)
		ReleaseScriptingObjects (3ms)
		CreateAndSetChildDomain (399ms)
	RebuildCommonClasses (47ms)
	RebuildNativeTypeToScriptingClass (15ms)
	initialDomainReloadingComplete (58ms)
	LoadAllAssembliesAndSetupDomain (2104ms)
		LoadAssemblies (1795ms)
		RebuildTransferFunctionScriptingTraits (0ms)
		AnalyzeDomain (511ms)
			TypeCache.Refresh (75ms)
				TypeCache.ScanAssembly (7ms)
			BuildScriptInfoCaches (405ms)
			ResolveRequiredComponents (17ms)
	FinalizeReload (1208ms)
		ReleaseScriptCaches (0ms)
		RebuildScriptCaches (0ms)
		SetupLoadedEditorAssemblies (883ms)
			LogAssemblyErrors (0ms)
			InitializePlatformSupportModulesInManaged (7ms)
			SetLoadedEditorAssemblies (12ms)
			BeforeProcessingInitializeOnLoad (167ms)
			ProcessInitializeOnLoadAttributes (589ms)
			ProcessInitializeOnLoadMethodAttributes (99ms)
			AfterProcessingInitializeOnLoad (7ms)
			EditorAssembliesLoaded (0ms)
		ExecutionOrderSort2 (0ms)
		AwakeInstancesAfterBackupRestoration (24ms)
Refreshing native plugins compatible for Editor in 4.62 ms, found 9 plugins.
Preloading 1 native plugins for Editor in 0.05 ms.
Unloading 17 Unused Serialized files (Serialized files now loaded: 0)
Unloading 6362 unused Assets / (5.4 MB). Loaded Objects now: 7061.
Memory consumption went from 147.3 MB to 141.9 MB.
Total: 10.284400 ms (FindLiveObjects: 0.602500 ms CreateObjectMapping: 0.524300 ms MarkObjects: 6.023300 ms  DeleteObjects: 3.131900 ms)

Prepare: number of updated asset objects reloaded= 0
========================================================================
Received Prepare
Begin MonoManager ReloadAssembly
- Loaded All Assemblies, in  4.090 seconds
Refreshing native plugins compatible for Editor in 15.04 ms, found 9 plugins.
Native extension for WindowsStandalone target not found
Native extension for WebGL target not found
The project currently uses the compatibility mode where the Render Graph API is disabled. Support for this mode will be removed in future Unity versions. Migrate existing ScriptableRenderPasses to the new RenderGraph API. After the migration, disable the compatibility mode in Edit > Projects Settings > Graphics > Render Graph.
UnityEngine.Debug:ExtractStackTraceNoAlloc (byte*,int,string)
UnityEngine.StackTraceUtility:ExtractStackTrace ()
UnityEngine.DebugLogHandler:Internal_Log (UnityEngine.LogType,UnityEngine.LogOption,string,UnityEngine.Object)
UnityEngine.DebugLogHandler:LogFormat (UnityEngine.LogType,UnityEngine.Object,string,object[])
UnityEngine.Logger:Log (UnityEngine.LogType,object)
UnityEngine.Debug:LogWarning (object)
UnityEngine.Rendering.Universal.WarnUsingNonRenderGraph:EmitConsoleWarning () (at ./Library/PackageCache/com.unity.render-pipelines.universal@15fef0f41df6/Runtime/Data/UniversalRenderPipelineAsset.cs:427)
System.Reflection.RuntimeMethodInfo:Invoke (object,System.Reflection.BindingFlags,System.Reflection.Binder,object[],System.Globalization.CultureInfo)
System.Reflection.MethodBase:Invoke (object,object[])
UnityEditor.EditorAssemblies:ProcessInitializeOnLoadMethodAttributes ()

(Filename: ./Library/PackageCache/com.unity.render-pipelines.universal@15fef0f41df6/Runtime/Data/UniversalRenderPipelineAsset.cs Line: 427)

Mono: successfully reloaded assembly
- Finished resetting the current domain, in  0.893 seconds
Domain Reload Profiling: 4985ms
	BeginReloadAssembly (2645ms)
		ExecutionOrderSort (0ms)
		DisableScriptedObjects (295ms)
		BackupInstance (0ms)
		ReleaseScriptingObjects (5ms)
		CreateAndSetChildDomain (724ms)
	RebuildCommonClasses (46ms)
	RebuildNativeTypeToScriptingClass (16ms)
	initialDomainReloadingComplete (50ms)
	LoadAllAssembliesAndSetupDomain (1335ms)
		LoadAssemblies (1326ms)
		RebuildTransferFunctionScriptingTraits (0ms)
		AnalyzeDomain (481ms)
			TypeCache.Refresh (71ms)
				TypeCache.ScanAssembly (8ms)
			BuildScriptInfoCaches (370ms)
			ResolveRequiredComponents (17ms)
	FinalizeReload (894ms)
		ReleaseScriptCaches (0ms)
		RebuildScriptCaches (0ms)
		SetupLoadedEditorAssemblies (635ms)
			LogAssemblyErrors (0ms)
			InitializePlatformSupportModulesInManaged (4ms)
			SetLoadedEditorAssemblies (6ms)
			BeforeProcessingInitializeOnLoad (138ms)
			ProcessInitializeOnLoadAttributes (408ms)
			ProcessInitializeOnLoadMethodAttributes (71ms)
			AfterProcessingInitializeOnLoad (7ms)
			EditorAssembliesLoaded (0ms)
		ExecutionOrderSort2 (0ms)
		AwakeInstancesAfterBackupRestoration (16ms)
Refreshing native plugins compatible for Editor in 3.67 ms, found 9 plugins.
Preloading 1 native plugins for Editor in 0.06 ms.
Unloading 17 Unused Serialized files (Serialized files now loaded: 0)
Unloading 6362 unused Assets / (5.3 MB). Loaded Objects now: 7063.
Memory consumption went from 147.3 MB to 142.0 MB.
Total: 14.751500 ms (FindLiveObjects: 0.662400 ms CreateObjectMapping: 0.501100 ms MarkObjects: 9.782800 ms  DeleteObjects: 3.727500 ms)

Prepare: number of updated asset objects reloaded= 0
========================================================================
Received Prepare
Begin MonoManager ReloadAssembly
- Loaded All Assemblies, in  1.527 seconds
Refreshing native plugins compatible for Editor in 15.98 ms, found 9 plugins.
Native extension for WindowsStandalone target not found
Native extension for WebGL target not found
The project currently uses the compatibility mode where the Render Graph API is disabled. Support for this mode will be removed in future Unity versions. Migrate existing ScriptableRenderPasses to the new RenderGraph API. After the migration, disable the compatibility mode in Edit > Projects Settings > Graphics > Render Graph.
UnityEngine.Debug:ExtractStackTraceNoAlloc (byte*,int,string)
UnityEngine.StackTraceUtility:ExtractStackTrace ()
UnityEngine.DebugLogHandler:Internal_Log (UnityEngine.LogType,UnityEngine.LogOption,string,UnityEngine.Object)
UnityEngine.DebugLogHandler:LogFormat (UnityEngine.LogType,UnityEngine.Object,string,object[])
UnityEngine.Logger:Log (UnityEngine.LogType,object)
UnityEngine.Debug:LogWarning (object)
UnityEngine.Rendering.Universal.WarnUsingNonRenderGraph:EmitConsoleWarning () (at ./Library/PackageCache/com.unity.render-pipelines.universal@15fef0f41df6/Runtime/Data/UniversalRenderPipelineAsset.cs:427)
System.Reflection.RuntimeMethodInfo:Invoke (object,System.Reflection.BindingFlags,System.Reflection.Binder,object[],System.Globalization.CultureInfo)
System.Reflection.MethodBase:Invoke (object,object[])
UnityEditor.EditorAssemblies:ProcessInitializeOnLoadMethodAttributes ()

(Filename: ./Library/PackageCache/com.unity.render-pipelines.universal@15fef0f41df6/Runtime/Data/UniversalRenderPipelineAsset.cs Line: 427)

Mono: successfully reloaded assembly
- Finished resetting the current domain, in  1.404 seconds
Domain Reload Profiling: 2935ms
	BeginReloadAssembly (366ms)
		ExecutionOrderSort (0ms)
		DisableScriptedObjects (19ms)
		BackupInstance (0ms)
		ReleaseScriptingObjects (1ms)
		CreateAndSetChildDomain (89ms)
	RebuildCommonClasses (39ms)
	RebuildNativeTypeToScriptingClass (16ms)
	initialDomainReloadingComplete (43ms)
	LoadAllAssembliesAndSetupDomain (1068ms)
		LoadAssemblies (661ms)
		RebuildTransferFunctionScriptingTraits (0ms)
		AnalyzeDomain (547ms)
			TypeCache.Refresh (15ms)
				TypeCache.ScanAssembly (0ms)
			BuildScriptInfoCaches (412ms)
			ResolveRequiredComponents (23ms)
	FinalizeReload (1404ms)
		ReleaseScriptCaches (0ms)
		RebuildScriptCaches (0ms)
		SetupLoadedEditorAssemblies (1055ms)
			LogAssemblyErrors (0ms)
			InitializePlatformSupportModulesInManaged (7ms)
			SetLoadedEditorAssemblies (9ms)
			BeforeProcessingInitializeOnLoad (195ms)
			ProcessInitializeOnLoadAttributes (699ms)
			ProcessInitializeOnLoadMethodAttributes (128ms)
			AfterProcessingInitializeOnLoad (16ms)
			EditorAssembliesLoaded (1ms)
		ExecutionOrderSort2 (0ms)
		AwakeInstancesAfterBackupRestoration (26ms)
Refreshing native plugins compatible for Editor in 9.81 ms, found 9 plugins.
Preloading 1 native plugins for Editor in 0.17 ms.
Unloading 17 Unused Serialized files (Serialized files now loaded: 0)
Unloading 6362 unused Assets / (6.1 MB). Loaded Objects now: 7065.
Memory consumption went from 147.4 MB to 141.3 MB.
Total: 14.854800 ms (FindLiveObjects: 1.157900 ms CreateObjectMapping: 1.821100 ms MarkObjects: 7.288900 ms  DeleteObjects: 4.582500 ms)

Prepare: number of updated asset objects reloaded= 0
========================================================================
Received Prepare
Begin MonoManager ReloadAssembly
- Loaded All Assemblies, in  1.141 seconds
Refreshing native plugins compatible for Editor in 5.16 ms, found 9 plugins.
Native extension for WindowsStandalone target not found
Native extension for WebGL target not found
The project currently uses the compatibility mode where the Render Graph API is disabled. Support for this mode will be removed in future Unity versions. Migrate existing ScriptableRenderPasses to the new RenderGraph API. After the migration, disable the compatibility mode in Edit > Projects Settings > Graphics > Render Graph.
UnityEngine.Debug:ExtractStackTraceNoAlloc (byte*,int,string)
UnityEngine.StackTraceUtility:ExtractStackTrace ()
UnityEngine.DebugLogHandler:Internal_Log (UnityEngine.LogType,UnityEngine.LogOption,string,UnityEngine.Object)
UnityEngine.DebugLogHandler:LogFormat (UnityEngine.LogType,UnityEngine.Object,string,object[])
UnityEngine.Logger:Log (UnityEngine.LogType,object)
UnityEngine.Debug:LogWarning (object)
UnityEngine.Rendering.Universal.WarnUsingNonRenderGraph:EmitConsoleWarning () (at ./Library/PackageCache/com.unity.render-pipelines.universal@15fef0f41df6/Runtime/Data/UniversalRenderPipelineAsset.cs:427)
System.Reflection.RuntimeMethodInfo:Invoke (object,System.Reflection.BindingFlags,System.Reflection.Binder,object[],System.Globalization.CultureInfo)
System.Reflection.MethodBase:Invoke (object,object[])
UnityEditor.EditorAssemblies:ProcessInitializeOnLoadMethodAttributes ()

(Filename: ./Library/PackageCache/com.unity.render-pipelines.universal@15fef0f41df6/Runtime/Data/UniversalRenderPipelineAsset.cs Line: 427)

Mono: successfully reloaded assembly
- Finished resetting the current domain, in  1.600 seconds
Domain Reload Profiling: 2743ms
	BeginReloadAssembly (341ms)
		ExecutionOrderSort (0ms)
		DisableScriptedObjects (5ms)
		BackupInstance (0ms)
		ReleaseScriptingObjects (0ms)
		CreateAndSetChildDomain (73ms)
	RebuildCommonClasses (51ms)
	RebuildNativeTypeToScriptingClass (16ms)
	initialDomainReloadingComplete (39ms)
	LoadAllAssembliesAndSetupDomain (693ms)
		LoadAssemblies (608ms)
		RebuildTransferFunctionScriptingTraits (0ms)
		AnalyzeDomain (280ms)
			TypeCache.Refresh (7ms)
				TypeCache.ScanAssembly (0ms)
			BuildScriptInfoCaches (249ms)
			ResolveRequiredComponents (18ms)
	FinalizeReload (1603ms)
		ReleaseScriptCaches (0ms)
		RebuildScriptCaches (0ms)
		SetupLoadedEditorAssemblies (1276ms)
			LogAssemblyErrors (0ms)
			InitializePlatformSupportModulesInManaged (4ms)
			SetLoadedEditorAssemblies (8ms)
			BeforeProcessingInitializeOnLoad (225ms)
			ProcessInitializeOnLoadAttributes (871ms)
			ProcessInitializeOnLoadMethodAttributes (153ms)
			AfterProcessingInitializeOnLoad (13ms)
			EditorAssembliesLoaded (1ms)
		ExecutionOrderSort2 (0ms)
		AwakeInstancesAfterBackupRestoration (39ms)
Refreshing native plugins compatible for Editor in 18.33 ms, found 9 plugins.
Preloading 1 native plugins for Editor in 0.16 ms.
Unloading 17 Unused Serialized files (Serialized files now loaded: 0)
Unloading 6362 unused Assets / (6.3 MB). Loaded Objects now: 7067.
Memory consumption went from 147.4 MB to 141.2 MB.
Total: 24.937800 ms (FindLiveObjects: 3.318800 ms CreateObjectMapping: 3.456200 ms MarkObjects: 11.741900 ms  DeleteObjects: 6.418000 ms)

Prepare: number of updated asset objects reloaded= 0
========================================================================
Received Prepare
Refreshing native plugins compatible for Editor in 9.14 ms, found 9 plugins.
Preloading 1 native plugins for Editor in 0.21 ms.
Unloading 17 Unused Serialized files (Serialized files now loaded: 0)
Unloading 6338 unused Assets / (6.1 MB). Loaded Objects now: 7068.
Memory consumption went from 147.5 MB to 141.3 MB.
Total: 163.785400 ms (FindLiveObjects: 3.764800 ms CreateObjectMapping: 1.127100 ms MarkObjects: 152.852200 ms  DeleteObjects: 6.036400 ms)

Prepare: number of updated asset objects reloaded= 0
========================================================================
Received Import Request.
  Time since last request: 1060.779198 seconds.
  path: Assets/Scripts/PlayerMovement.cs
  artifactKey: Guid(df967834c8da71241866015ddb85dd68) Importer(815301076,1909f56bfc062723c751e8b465ee728b)
Start importing Assets/Scripts/PlayerMovement.cs using Guid(df967834c8da71241866015ddb85dd68) Importer(815301076,1909f56bfc062723c751e8b465ee728b) (PreviewImporter) -> (artifact id: '1a2bb456db32a46a63148ff28465e3e3') in 0.4295785 seconds
Number of updated asset objects reloaded before import = 0Number of asset objects unloaded after import = 0

========================================================================
Received Prepare
Begin MonoManager ReloadAssembly
- Loaded All Assemblies, in  3.836 seconds
Refreshing native plugins compatible for Editor in 20.21 ms, found 9 plugins.
Native extension for WindowsStandalone target not found
Native extension for WebGL target not found
The project currently uses the compatibility mode where the Render Graph API is disabled. Support for this mode will be removed in future Unity versions. Migrate existing ScriptableRenderPasses to the new RenderGraph API. After the migration, disable the compatibility mode in Edit > Projects Settings > Graphics > Render Graph.
UnityEngine.Debug:ExtractStackTraceNoAlloc (byte*,int,string)
UnityEngine.StackTraceUtility:ExtractStackTrace ()
UnityEngine.DebugLogHandler:Internal_Log (UnityEngine.LogType,UnityEngine.LogOption,string,UnityEngine.Object)
UnityEngine.DebugLogHandler:LogFormat (UnityEngine.LogType,UnityEngine.Object,string,object[])
UnityEngine.Logger:Log (UnityEngine.LogType,object)
UnityEngine.Debug:LogWarning (object)
UnityEngine.Rendering.Universal.WarnUsingNonRenderGraph:EmitConsoleWarning () (at ./Library/PackageCache/com.unity.render-pipelines.universal@15fef0f41df6/Runtime/Data/UniversalRenderPipelineAsset.cs:427)
System.Reflection.RuntimeMethodInfo:Invoke (object,System.Reflection.BindingFlags,System.Reflection.Binder,object[],System.Globalization.CultureInfo)
System.Reflection.MethodBase:Invoke (object,object[])
UnityEditor.EditorAssemblies:ProcessInitializeOnLoadMethodAttributes ()

(Filename: ./Library/PackageCache/com.unity.render-pipelines.universal@15fef0f41df6/Runtime/Data/UniversalRenderPipelineAsset.cs Line: 427)

Mono: successfully reloaded assembly
- Finished resetting the current domain, in  1.741 seconds
Domain Reload Profiling: 5569ms
	BeginReloadAssembly (1751ms)
		ExecutionOrderSort (0ms)
		DisableScriptedObjects (71ms)
		BackupInstance (0ms)
		ReleaseScriptingObjects (1ms)
		CreateAndSetChildDomain (694ms)
	RebuildCommonClasses (65ms)
	RebuildNativeTypeToScriptingClass (23ms)
	initialDomainReloadingComplete (73ms)
	LoadAllAssembliesAndSetupDomain (1915ms)
		LoadAssemblies (1775ms)
		RebuildTransferFunctionScriptingTraits (0ms)
		AnalyzeDomain (758ms)
			TypeCache.Refresh (164ms)
				TypeCache.ScanAssembly (9ms)
			BuildScriptInfoCaches (538ms)
			ResolveRequiredComponents (32ms)
	FinalizeReload (1742ms)
		ReleaseScriptCaches (0ms)
		RebuildScriptCaches (0ms)
		SetupLoadedEditorAssemblies (1308ms)
			LogAssemblyErrors (0ms)
			InitializePlatformSupportModulesInManaged (23ms)
			SetLoadedEditorAssemblies (14ms)
			BeforeProcessingInitializeOnLoad (290ms)
			ProcessInitializeOnLoadAttributes (848ms)
			ProcessInitializeOnLoadMethodAttributes (116ms)
			AfterProcessingInitializeOnLoad (17ms)
			EditorAssembliesLoaded (1ms)
		ExecutionOrderSort2 (0ms)
		AwakeInstancesAfterBackupRestoration (27ms)
Refreshing native plugins compatible for Editor in 9.73 ms, found 9 plugins.
Preloading 1 native plugins for Editor in 0.13 ms.
Unloading 17 Unused Serialized files (Serialized files now loaded: 0)
Unloading 6363 unused Assets / (5.2 MB). Loaded Objects now: 7070.
Memory consumption went from 147.4 MB to 142.2 MB.
Total: 16.725400 ms (FindLiveObjects: 1.030600 ms CreateObjectMapping: 1.021700 ms MarkObjects: 9.163700 ms  DeleteObjects: 5.200900 ms)

Prepare: number of updated asset objects reloaded= 0
========================================================================
Received Import Request.
  Time since last request: 20.703598 seconds.
  path: Assets/Scripts/PlayerMovement.cs
  artifactKey: Guid(df967834c8da71241866015ddb85dd68) Importer(815301076,1909f56bfc062723c751e8b465ee728b)
Start importing Assets/Scripts/PlayerMovement.cs using Guid(df967834c8da71241866015ddb85dd68) Importer(815301076,1909f56bfc062723c751e8b465ee728b) (PreviewImporter) -> (artifact id: '59a5d5f168175306028e4492cbed57cd') in 0.0174663 seconds
Number of updated asset objects reloaded before import = 0Number of asset objects unloaded after import = 0

========================================================================
Received Prepare
Begin MonoManager ReloadAssembly
- Loaded All Assemblies, in  4.423 seconds
Refreshing native plugins compatible for Editor in 4.69 ms, found 9 plugins.
Native extension for WindowsStandalone target not found
Native extension for WebGL target not found
The project currently uses the compatibility mode where the Render Graph API is disabled. Support for this mode will be removed in future Unity versions. Migrate existing ScriptableRenderPasses to the new RenderGraph API. After the migration, disable the compatibility mode in Edit > Projects Settings > Graphics > Render Graph.
UnityEngine.Debug:ExtractStackTraceNoAlloc (byte*,int,string)
UnityEngine.StackTraceUtility:ExtractStackTrace ()
UnityEngine.DebugLogHandler:Internal_Log (UnityEngine.LogType,UnityEngine.LogOption,string,UnityEngine.Object)
UnityEngine.DebugLogHandler:LogFormat (UnityEngine.LogType,UnityEngine.Object,string,object[])
UnityEngine.Logger:Log (UnityEngine.LogType,object)
UnityEngine.Debug:LogWarning (object)
UnityEngine.Rendering.Universal.WarnUsingNonRenderGraph:EmitConsoleWarning () (at ./Library/PackageCache/com.unity.render-pipelines.universal@15fef0f41df6/Runtime/Data/UniversalRenderPipelineAsset.cs:427)
System.Reflection.RuntimeMethodInfo:Invoke (object,System.Reflection.BindingFlags,System.Reflection.Binder,object[],System.Globalization.CultureInfo)
System.Reflection.MethodBase:Invoke (object,object[])
UnityEditor.EditorAssemblies:ProcessInitializeOnLoadMethodAttributes ()

(Filename: ./Library/PackageCache/com.unity.render-pipelines.universal@15fef0f41df6/Runtime/Data/UniversalRenderPipelineAsset.cs Line: 427)

Mono: successfully reloaded assembly
- Finished resetting the current domain, in  0.920 seconds
Domain Reload Profiling: 5341ms
	BeginReloadAssembly (1323ms)
		ExecutionOrderSort (0ms)
		DisableScriptedObjects (123ms)
		BackupInstance (0ms)
		ReleaseScriptingObjects (2ms)
		CreateAndSetChildDomain (408ms)
	RebuildCommonClasses (166ms)
	RebuildNativeTypeToScriptingClass (19ms)
	initialDomainReloadingComplete (143ms)
	LoadAllAssembliesAndSetupDomain (2768ms)
		LoadAssemblies (2372ms)
		RebuildTransferFunctionScriptingTraits (0ms)
		AnalyzeDomain (725ms)
			TypeCache.Refresh (205ms)
				TypeCache.ScanAssembly (21ms)
			BuildScriptInfoCaches (492ms)
			ResolveRequiredComponents (18ms)
	FinalizeReload (922ms)
		ReleaseScriptCaches (0ms)
		RebuildScriptCaches (0ms)
		SetupLoadedEditorAssemblies (711ms)
			LogAssemblyErrors (0ms)
			InitializePlatformSupportModulesInManaged (3ms)
			SetLoadedEditorAssemblies (7ms)
			BeforeProcessingInitializeOnLoad (158ms)
			ProcessInitializeOnLoadAttributes (466ms)
			ProcessInitializeOnLoadMethodAttributes (68ms)
			AfterProcessingInitializeOnLoad (9ms)
			EditorAssembliesLoaded (0ms)
		ExecutionOrderSort2 (0ms)
		AwakeInstancesAfterBackupRestoration (12ms)
Refreshing native plugins compatible for Editor in 6.79 ms, found 9 plugins.
Preloading 1 native plugins for Editor in 0.07 ms.
Unloading 17 Unused Serialized files (Serialized files now loaded: 0)
Unloading 6363 unused Assets / (5.8 MB). Loaded Objects now: 7072.
Memory consumption went from 147.5 MB to 141.7 MB.
Total: 15.732100 ms (FindLiveObjects: 2.187900 ms CreateObjectMapping: 1.122000 ms MarkObjects: 8.083400 ms  DeleteObjects: 4.059500 ms)

Prepare: number of updated asset objects reloaded= 0
========================================================================
Received Import Request.
  Time since last request: 702.663403 seconds.
  path: Assets/Scripts/PlayerMovement.cs
  artifactKey: Guid(df967834c8da71241866015ddb85dd68) Importer(815301076,1909f56bfc062723c751e8b465ee728b)
Start importing Assets/Scripts/PlayerMovement.cs using Guid(df967834c8da71241866015ddb85dd68) Importer(815301076,1909f56bfc062723c751e8b465ee728b) (PreviewImporter) -> (artifact id: 'e6c0cba1515aff403ea0bca12549ff12') in 0.021682 seconds
Number of updated asset objects reloaded before import = 0Number of asset objects unloaded after import = 0

========================================================================
Received Prepare
Begin MonoManager ReloadAssembly
- Loaded All Assemblies, in  1.748 seconds
Refreshing native plugins compatible for Editor in 27.60 ms, found 9 plugins.
Native extension for WindowsStandalone target not found
Native extension for WebGL target not found
The project currently uses the compatibility mode where the Render Graph API is disabled. Support for this mode will be removed in future Unity versions. Migrate existing ScriptableRenderPasses to the new RenderGraph API. After the migration, disable the compatibility mode in Edit > Projects Settings > Graphics > Render Graph.
UnityEngine.Debug:ExtractStackTraceNoAlloc (byte*,int,string)
UnityEngine.StackTraceUtility:ExtractStackTrace ()
UnityEngine.DebugLogHandler:Internal_Log (UnityEngine.LogType,UnityEngine.LogOption,string,UnityEngine.Object)
UnityEngine.DebugLogHandler:LogFormat (UnityEngine.LogType,UnityEngine.Object,string,object[])
UnityEngine.Logger:Log (UnityEngine.LogType,object)
UnityEngine.Debug:LogWarning (object)
UnityEngine.Rendering.Universal.WarnUsingNonRenderGraph:EmitConsoleWarning () (at ./Library/PackageCache/com.unity.render-pipelines.universal@15fef0f41df6/Runtime/Data/UniversalRenderPipelineAsset.cs:427)
System.Reflection.RuntimeMethodInfo:Invoke (object,System.Reflection.BindingFlags,System.Reflection.Binder,object[],System.Globalization.CultureInfo)
System.Reflection.MethodBase:Invoke (object,object[])
UnityEditor.EditorAssemblies:ProcessInitializeOnLoadMethodAttributes ()

(Filename: ./Library/PackageCache/com.unity.render-pipelines.universal@15fef0f41df6/Runtime/Data/UniversalRenderPipelineAsset.cs Line: 427)

Mono: successfully reloaded assembly
- Finished resetting the current domain, in  2.168 seconds
Domain Reload Profiling: 3910ms
	BeginReloadAssembly (424ms)
		ExecutionOrderSort (0ms)
		DisableScriptedObjects (18ms)
		BackupInstance (0ms)
		ReleaseScriptingObjects (2ms)
		CreateAndSetChildDomain (77ms)
	RebuildCommonClasses (42ms)
	RebuildNativeTypeToScriptingClass (15ms)
	initialDomainReloadingComplete (49ms)
	LoadAllAssembliesAndSetupDomain (1212ms)
		LoadAssemblies (1130ms)
		RebuildTransferFunctionScriptingTraits (0ms)
		AnalyzeDomain (332ms)
			TypeCache.Refresh (11ms)
				TypeCache.ScanAssembly (0ms)
			BuildScriptInfoCaches (294ms)
			ResolveRequiredComponents (18ms)
	FinalizeReload (2169ms)
		ReleaseScriptCaches (0ms)
		RebuildScriptCaches (0ms)
		SetupLoadedEditorAssemblies (1497ms)
			LogAssemblyErrors (0ms)
			InitializePlatformSupportModulesInManaged (14ms)
			SetLoadedEditorAssemblies (17ms)
			BeforeProcessingInitializeOnLoad (318ms)
			ProcessInitializeOnLoadAttributes (990ms)
			ProcessInitializeOnLoadMethodAttributes (143ms)
			AfterProcessingInitializeOnLoad (15ms)
			EditorAssembliesLoaded (1ms)
		ExecutionOrderSort2 (0ms)
		AwakeInstancesAfterBackupRestoration (41ms)
Refreshing native plugins compatible for Editor in 12.51 ms, found 9 plugins.
Preloading 1 native plugins for Editor in 0.48 ms.
Unloading 17 Unused Serialized files (Serialized files now loaded: 0)
Unloading 6363 unused Assets / (5.7 MB). Loaded Objects now: 7074.
Memory consumption went from 147.4 MB to 141.7 MB.
Total: 24.152300 ms (FindLiveObjects: 2.510900 ms CreateObjectMapping: 1.303800 ms MarkObjects: 10.944800 ms  DeleteObjects: 9.388300 ms)

Prepare: number of updated asset objects reloaded= 0
========================================================================
Received Prepare
Begin MonoManager ReloadAssembly
- Loaded All Assemblies, in  1.456 seconds
Refreshing native plugins compatible for Editor in 29.58 ms, found 9 plugins.
Native extension for WindowsStandalone target not found
Native extension for WebGL target not found
The project currently uses the compatibility mode where the Render Graph API is disabled. Support for this mode will be removed in future Unity versions. Migrate existing ScriptableRenderPasses to the new RenderGraph API. After the migration, disable the compatibility mode in Edit > Projects Settings > Graphics > Render Graph.
UnityEngine.Debug:ExtractStackTraceNoAlloc (byte*,int,string)
UnityEngine.StackTraceUtility:ExtractStackTrace ()
UnityEngine.DebugLogHandler:Internal_Log (UnityEngine.LogType,UnityEngine.LogOption,string,UnityEngine.Object)
UnityEngine.DebugLogHandler:LogFormat (UnityEngine.LogType,UnityEngine.Object,string,object[])
UnityEngine.Logger:Log (UnityEngine.LogType,object)
UnityEngine.Debug:LogWarning (object)
UnityEngine.Rendering.Universal.WarnUsingNonRenderGraph:EmitConsoleWarning () (at ./Library/PackageCache/com.unity.render-pipelines.universal@15fef0f41df6/Runtime/Data/UniversalRenderPipelineAsset.cs:427)
System.Reflection.RuntimeMethodInfo:Invoke (object,System.Reflection.BindingFlags,System.Reflection.Binder,object[],System.Globalization.CultureInfo)
System.Reflection.MethodBase:Invoke (object,object[])
UnityEditor.EditorAssemblies:ProcessInitializeOnLoadMethodAttributes ()

(Filename: ./Library/PackageCache/com.unity.render-pipelines.universal@15fef0f41df6/Runtime/Data/UniversalRenderPipelineAsset.cs Line: 427)

Mono: successfully reloaded assembly
- Finished resetting the current domain, in  2.517 seconds
Domain Reload Profiling: 3970ms
	BeginReloadAssembly (396ms)
		ExecutionOrderSort (0ms)
		DisableScriptedObjects (8ms)
		BackupInstance (0ms)
		ReleaseScriptingObjects (0ms)
		CreateAndSetChildDomain (120ms)
	RebuildCommonClasses (45ms)
	RebuildNativeTypeToScriptingClass (21ms)
	initialDomainReloadingComplete (43ms)
	LoadAllAssembliesAndSetupDomain (947ms)
		LoadAssemblies (824ms)
		RebuildTransferFunctionScriptingTraits (0ms)
		AnalyzeDomain (323ms)
			TypeCache.Refresh (13ms)
				TypeCache.ScanAssembly (0ms)
			BuildScriptInfoCaches (286ms)
			ResolveRequiredComponents (20ms)
	FinalizeReload (2518ms)
		ReleaseScriptCaches (0ms)
		RebuildScriptCaches (0ms)
		SetupLoadedEditorAssemblies (1935ms)
			LogAssemblyErrors (0ms)
			InitializePlatformSupportModulesInManaged (9ms)
			SetLoadedEditorAssemblies (21ms)
			BeforeProcessingInitializeOnLoad (413ms)
			ProcessInitializeOnLoadAttributes (1264ms)
			ProcessInitializeOnLoadMethodAttributes (208ms)
			AfterProcessingInitializeOnLoad (20ms)
			EditorAssembliesLoaded (1ms)
		ExecutionOrderSort2 (0ms)
		AwakeInstancesAfterBackupRestoration (42ms)
Refreshing native plugins compatible for Editor in 15.92 ms, found 9 plugins.
Preloading 1 native plugins for Editor in 0.58 ms.
Unloading 17 Unused Serialized files (Serialized files now loaded: 0)
Unloading 6363 unused Assets / (6.1 MB). Loaded Objects now: 7076.
Memory consumption went from 147.5 MB to 141.4 MB.
Total: 24.783400 ms (FindLiveObjects: 4.761100 ms CreateObjectMapping: 2.244400 ms MarkObjects: 9.532000 ms  DeleteObjects: 8.225800 ms)

Prepare: number of updated asset objects reloaded= 0
========================================================================
Received Prepare
Refreshing native plugins compatible for Editor in 18.75 ms, found 9 plugins.
Preloading 1 native plugins for Editor in 0.17 ms.
Unloading 17 Unused Serialized files (Serialized files now loaded: 0)
Unloading 6338 unused Assets / (6.3 MB). Loaded Objects now: 7076.
Memory consumption went from 147.5 MB to 141.2 MB.
Total: 115.380500 ms (FindLiveObjects: 2.715900 ms CreateObjectMapping: 0.565700 ms MarkObjects: 105.759800 ms  DeleteObjects: 6.147100 ms)

Prepare: number of updated asset objects reloaded= 0
========================================================================
Received Import Request.
  Time since last request: 21755.642889 seconds.
  path: Assets/Scripts/PlayerMovement.cs
  artifactKey: Guid(df967834c8da71241866015ddb85dd68) Importer(815301076,1909f56bfc062723c751e8b465ee728b)
Start importing Assets/Scripts/PlayerMovement.cs using Guid(df967834c8da71241866015ddb85dd68) Importer(815301076,1909f56bfc062723c751e8b465ee728b) (PreviewImporter) -> (artifact id: '745da3c2eb8238a20eae5c1f829f9987') in 0.0943757 seconds
Number of updated asset objects reloaded before import = 0Number of asset objects unloaded after import = 0

========================================================================
Received Import Request.
  Time since last request: 11.253616 seconds.
  path: ProjectSettings/TagManager.asset
  artifactKey: Guid(00000000000000003000000000000000) Importer(815301076,1909f56bfc062723c751e8b465ee728b)
Start importing ProjectSettings/TagManager.asset using Guid(00000000000000003000000000000000) Importer(815301076,1909f56bfc062723c751e8b465ee728b) (PreviewImporter) -> (artifact id: 'a0412a9c330ca6b58ff49132563b9b01') in 0.1864405 seconds
Number of updated asset objects reloaded before import = 0Number of asset objects unloaded after import = 0

========================================================================
Received Prepare
Refreshing native plugins compatible for Editor in 5.23 ms, found 9 plugins.
Preloading 1 native plugins for Editor in 0.10 ms.
Unloading 17 Unused Serialized files (Serialized files now loaded: 0)
Unloading 6339 unused Assets / (4.0 MB). Loaded Objects now: 7077.
Memory consumption went from 147.5 MB to 143.5 MB.
Total: 90.572600 ms (FindLiveObjects: 1.654700 ms CreateObjectMapping: 1.213000 ms MarkObjects: 85.017800 ms  DeleteObjects: 2.683400 ms)

Prepare: number of updated asset objects reloaded= 0
========================================================================
Received Prepare
Begin MonoManager ReloadAssembly
- Loaded All Assemblies, in  4.706 seconds
Refreshing native plugins compatible for Editor in 7.94 ms, found 9 plugins.
Native extension for WindowsStandalone target not found
Native extension for WebGL target not found
The project currently uses the compatibility mode where the Render Graph API is disabled. Support for this mode will be removed in future Unity versions. Migrate existing ScriptableRenderPasses to the new RenderGraph API. After the migration, disable the compatibility mode in Edit > Projects Settings > Graphics > Render Graph.
UnityEngine.Debug:ExtractStackTraceNoAlloc (byte*,int,string)
UnityEngine.StackTraceUtility:ExtractStackTrace ()
UnityEngine.DebugLogHandler:Internal_Log (UnityEngine.LogType,UnityEngine.LogOption,string,UnityEngine.Object)
UnityEngine.DebugLogHandler:LogFormat (UnityEngine.LogType,UnityEngine.Object,string,object[])
UnityEngine.Logger:Log (UnityEngine.LogType,object)
UnityEngine.Debug:LogWarning (object)
UnityEngine.Rendering.Universal.WarnUsingNonRenderGraph:EmitConsoleWarning () (at ./Library/PackageCache/com.unity.render-pipelines.universal@15fef0f41df6/Runtime/Data/UniversalRenderPipelineAsset.cs:427)
System.Reflection.RuntimeMethodInfo:Invoke (object,System.Reflection.BindingFlags,System.Reflection.Binder,object[],System.Globalization.CultureInfo)
System.Reflection.MethodBase:Invoke (object,object[])
UnityEditor.EditorAssemblies:ProcessInitializeOnLoadMethodAttributes ()

(Filename: ./Library/PackageCache/com.unity.render-pipelines.universal@15fef0f41df6/Runtime/Data/UniversalRenderPipelineAsset.cs Line: 427)

Mono: successfully reloaded assembly
- Finished resetting the current domain, in  1.070 seconds
Domain Reload Profiling: 5774ms
	BeginReloadAssembly (2739ms)
		ExecutionOrderSort (0ms)
		DisableScriptedObjects (127ms)
		BackupInstance (0ms)
		ReleaseScriptingObjects (3ms)
		CreateAndSetChildDomain (1519ms)
	RebuildCommonClasses (90ms)
	RebuildNativeTypeToScriptingClass (16ms)
	initialDomainReloadingComplete (74ms)
	LoadAllAssembliesAndSetupDomain (1784ms)
		LoadAssemblies (1940ms)
		RebuildTransferFunctionScriptingTraits (0ms)
		AnalyzeDomain (429ms)
			TypeCache.Refresh (48ms)
				TypeCache.ScanAssembly (8ms)
			BuildScriptInfoCaches (351ms)
			ResolveRequiredComponents (16ms)
	FinalizeReload (1071ms)
		ReleaseScriptCaches (0ms)
		RebuildScriptCaches (0ms)
		SetupLoadedEditorAssemblies (842ms)
			LogAssemblyErrors (0ms)
			InitializePlatformSupportModulesInManaged (6ms)
			SetLoadedEditorAssemblies (5ms)
			BeforeProcessingInitializeOnLoad (153ms)
			ProcessInitializeOnLoadAttributes (589ms)
			ProcessInitializeOnLoadMethodAttributes (83ms)
			AfterProcessingInitializeOnLoad (6ms)
			EditorAssembliesLoaded (1ms)
		ExecutionOrderSort2 (0ms)
		AwakeInstancesAfterBackupRestoration (16ms)
Refreshing native plugins compatible for Editor in 4.64 ms, found 9 plugins.
Preloading 1 native plugins for Editor in 0.24 ms.
Unloading 17 Unused Serialized files (Serialized files now loaded: 0)
Unloading 6363 unused Assets / (5.3 MB). Loaded Objects now: 7079.
Memory consumption went from 147.4 MB to 142.1 MB.
Total: 10.906000 ms (FindLiveObjects: 0.844500 ms CreateObjectMapping: 0.613900 ms MarkObjects: 6.579700 ms  DeleteObjects: 2.864200 ms)

Prepare: number of updated asset objects reloaded= 0
========================================================================
Received Prepare
Begin MonoManager ReloadAssembly
- Loaded All Assemblies, in  2.031 seconds
Refreshing native plugins compatible for Editor in 4.45 ms, found 9 plugins.
Native extension for WindowsStandalone target not found
Native extension for WebGL target not found
The project currently uses the compatibility mode where the Render Graph API is disabled. Support for this mode will be removed in future Unity versions. Migrate existing ScriptableRenderPasses to the new RenderGraph API. After the migration, disable the compatibility mode in Edit > Projects Settings > Graphics > Render Graph.
UnityEngine.Debug:ExtractStackTraceNoAlloc (byte*,int,string)
UnityEngine.StackTraceUtility:ExtractStackTrace ()
UnityEngine.DebugLogHandler:Internal_Log (UnityEngine.LogType,UnityEngine.LogOption,string,UnityEngine.Object)
UnityEngine.DebugLogHandler:LogFormat (UnityEngine.LogType,UnityEngine.Object,string,object[])
UnityEngine.Logger:Log (UnityEngine.LogType,object)
UnityEngine.Debug:LogWarning (object)
UnityEngine.Rendering.Universal.WarnUsingNonRenderGraph:EmitConsoleWarning () (at ./Library/PackageCache/com.unity.render-pipelines.universal@15fef0f41df6/Runtime/Data/UniversalRenderPipelineAsset.cs:427)
System.Reflection.RuntimeMethodInfo:Invoke (object,System.Reflection.BindingFlags,System.Reflection.Binder,object[],System.Globalization.CultureInfo)
System.Reflection.MethodBase:Invoke (object,object[])
UnityEditor.EditorAssemblies:ProcessInitializeOnLoadMethodAttributes ()

(Filename: ./Library/PackageCache/com.unity.render-pipelines.universal@15fef0f41df6/Runtime/Data/UniversalRenderPipelineAsset.cs Line: 427)

Mono: successfully reloaded assembly
- Finished resetting the current domain, in  1.384 seconds
Domain Reload Profiling: 3413ms
	BeginReloadAssembly (367ms)
		ExecutionOrderSort (0ms)
		DisableScriptedObjects (18ms)
		BackupInstance (0ms)
		ReleaseScriptingObjects (0ms)
		CreateAndSetChildDomain (96ms)
	RebuildCommonClasses (57ms)
	RebuildNativeTypeToScriptingClass (20ms)
	initialDomainReloadingComplete (57ms)
	LoadAllAssembliesAndSetupDomain (1526ms)
		LoadAssemblies (1296ms)
		RebuildTransferFunctionScriptingTraits (0ms)
		AnalyzeDomain (397ms)
			TypeCache.Refresh (12ms)
				TypeCache.ScanAssembly (0ms)
			BuildScriptInfoCaches (351ms)
			ResolveRequiredComponents (24ms)
	FinalizeReload (1386ms)
		ReleaseScriptCaches (0ms)
		RebuildScriptCaches (0ms)
		SetupLoadedEditorAssemblies (1041ms)
			LogAssemblyErrors (0ms)
			InitializePlatformSupportModulesInManaged (6ms)
			SetLoadedEditorAssemblies (9ms)
			BeforeProcessingInitializeOnLoad (211ms)
			ProcessInitializeOnLoadAttributes (618ms)
			ProcessInitializeOnLoadMethodAttributes (183ms)
			AfterProcessingInitializeOnLoad (12ms)
			EditorAssembliesLoaded (2ms)
		ExecutionOrderSort2 (0ms)
		AwakeInstancesAfterBackupRestoration (33ms)
Refreshing native plugins compatible for Editor in 17.04 ms, found 9 plugins.
Preloading 1 native plugins for Editor in 0.37 ms.
Unloading 17 Unused Serialized files (Serialized files now loaded: 0)
Unloading 6363 unused Assets / (6.2 MB). Loaded Objects now: 7081.
Memory consumption went from 147.5 MB to 141.3 MB.
Total: 32.608400 ms (FindLiveObjects: 3.354000 ms CreateObjectMapping: 3.966900 ms MarkObjects: 11.544400 ms  DeleteObjects: 13.732000 ms)

Prepare: number of updated asset objects reloaded= 0
========================================================================
Received Prepare
Begin MonoManager ReloadAssembly
- Loaded All Assemblies, in  5.073 seconds
Refreshing native plugins compatible for Editor in 5.20 ms, found 9 plugins.
Native extension for WindowsStandalone target not found
Native extension for WebGL target not found
The project currently uses the compatibility mode where the Render Graph API is disabled. Support for this mode will be removed in future Unity versions. Migrate existing ScriptableRenderPasses to the new RenderGraph API. After the migration, disable the compatibility mode in Edit > Projects Settings > Graphics > Render Graph.
UnityEngine.Debug:ExtractStackTraceNoAlloc (byte*,int,string)
UnityEngine.StackTraceUtility:ExtractStackTrace ()
UnityEngine.DebugLogHandler:Internal_Log (UnityEngine.LogType,UnityEngine.LogOption,string,UnityEngine.Object)
UnityEngine.DebugLogHandler:LogFormat (UnityEngine.LogType,UnityEngine.Object,string,object[])
UnityEngine.Logger:Log (UnityEngine.LogType,object)
UnityEngine.Debug:LogWarning (object)
UnityEngine.Rendering.Universal.WarnUsingNonRenderGraph:EmitConsoleWarning () (at ./Library/PackageCache/com.unity.render-pipelines.universal@15fef0f41df6/Runtime/Data/UniversalRenderPipelineAsset.cs:427)
System.Reflection.RuntimeMethodInfo:Invoke (object,System.Reflection.BindingFlags,System.Reflection.Binder,object[],System.Globalization.CultureInfo)
System.Reflection.MethodBase:Invoke (object,object[])
UnityEditor.EditorAssemblies:ProcessInitializeOnLoadMethodAttributes ()

(Filename: ./Library/PackageCache/com.unity.render-pipelines.universal@15fef0f41df6/Runtime/Data/UniversalRenderPipelineAsset.cs Line: 427)

Mono: successfully reloaded assembly
- Finished resetting the current domain, in  1.358 seconds
Domain Reload Profiling: 6425ms
	BeginReloadAssembly (2303ms)
		ExecutionOrderSort (0ms)
		DisableScriptedObjects (274ms)
		BackupInstance (0ms)
		ReleaseScriptingObjects (2ms)
		CreateAndSetChildDomain (747ms)
	RebuildCommonClasses (68ms)
	RebuildNativeTypeToScriptingClass (24ms)
	initialDomainReloadingComplete (75ms)
	LoadAllAssembliesAndSetupDomain (2596ms)
		LoadAssemblies (2256ms)
		RebuildTransferFunctionScriptingTraits (0ms)
		AnalyzeDomain (733ms)
			TypeCache.Refresh (123ms)
				TypeCache.ScanAssembly (5ms)
			BuildScriptInfoCaches (567ms)
			ResolveRequiredComponents (24ms)
	FinalizeReload (1359ms)
		ReleaseScriptCaches (0ms)
		RebuildScriptCaches (0ms)
		SetupLoadedEditorAssemblies (1024ms)
			LogAssemblyErrors (0ms)
			InitializePlatformSupportModulesInManaged (7ms)
			SetLoadedEditorAssemblies (6ms)
			BeforeProcessingInitializeOnLoad (221ms)
			ProcessInitializeOnLoadAttributes (640ms)
			ProcessInitializeOnLoadMethodAttributes (136ms)
			AfterProcessingInitializeOnLoad (10ms)
			EditorAssembliesLoaded (2ms)
		ExecutionOrderSort2 (0ms)
		AwakeInstancesAfterBackupRestoration (27ms)
Refreshing native plugins compatible for Editor in 8.23 ms, found 9 plugins.
Preloading 1 native plugins for Editor in 0.14 ms.
Unloading 17 Unused Serialized files (Serialized files now loaded: 0)
Unloading 6363 unused Assets / (5.6 MB). Loaded Objects now: 7083.
Memory consumption went from 147.5 MB to 141.8 MB.
Total: 14.437000 ms (FindLiveObjects: 1.076000 ms CreateObjectMapping: 0.632800 ms MarkObjects: 9.081800 ms  DeleteObjects: 3.643700 ms)

Prepare: number of updated asset objects reloaded= 0
========================================================================
Received Prepare
Begin MonoManager ReloadAssembly
- Loaded All Assemblies, in  1.177 seconds
Refreshing native plugins compatible for Editor in 8.13 ms, found 9 plugins.
Native extension for WindowsStandalone target not found
Native extension for WebGL target not found
The project currently uses the compatibility mode where the Render Graph API is disabled. Support for this mode will be removed in future Unity versions. Migrate existing ScriptableRenderPasses to the new RenderGraph API. After the migration, disable the compatibility mode in Edit > Projects Settings > Graphics > Render Graph.
UnityEngine.Debug:ExtractStackTraceNoAlloc (byte*,int,string)
UnityEngine.StackTraceUtility:ExtractStackTrace ()
UnityEngine.DebugLogHandler:Internal_Log (UnityEngine.LogType,UnityEngine.LogOption,string,UnityEngine.Object)
UnityEngine.DebugLogHandler:LogFormat (UnityEngine.LogType,UnityEngine.Object,string,object[])
UnityEngine.Logger:Log (UnityEngine.LogType,object)
UnityEngine.Debug:LogWarning (object)
UnityEngine.Rendering.Universal.WarnUsingNonRenderGraph:EmitConsoleWarning () (at ./Library/PackageCache/com.unity.render-pipelines.universal@15fef0f41df6/Runtime/Data/UniversalRenderPipelineAsset.cs:427)
System.Reflection.RuntimeMethodInfo:Invoke (object,System.Reflection.BindingFlags,System.Reflection.Binder,object[],System.Globalization.CultureInfo)
System.Reflection.MethodBase:Invoke (object,object[])
UnityEditor.EditorAssemblies:ProcessInitializeOnLoadMethodAttributes ()

(Filename: ./Library/PackageCache/com.unity.render-pipelines.universal@15fef0f41df6/Runtime/Data/UniversalRenderPipelineAsset.cs Line: 427)

Mono: successfully reloaded assembly
- Finished resetting the current domain, in  1.403 seconds
Domain Reload Profiling: 2579ms
	BeginReloadAssembly (285ms)
		ExecutionOrderSort (0ms)
		DisableScriptedObjects (6ms)
		BackupInstance (0ms)
		ReleaseScriptingObjects (1ms)
		CreateAndSetChildDomain (51ms)
	RebuildCommonClasses (49ms)
	RebuildNativeTypeToScriptingClass (13ms)
	initialDomainReloadingComplete (43ms)
	LoadAllAssembliesAndSetupDomain (783ms)
		LoadAssemblies (626ms)
		RebuildTransferFunctionScriptingTraits (0ms)
		AnalyzeDomain (323ms)
			TypeCache.Refresh (7ms)
				TypeCache.ScanAssembly (0ms)
			BuildScriptInfoCaches (293ms)
			ResolveRequiredComponents (18ms)
	FinalizeReload (1406ms)
		ReleaseScriptCaches (0ms)
		RebuildScriptCaches (0ms)
		SetupLoadedEditorAssemblies (1090ms)
			LogAssemblyErrors (0ms)
			InitializePlatformSupportModulesInManaged (5ms)
			SetLoadedEditorAssemblies (8ms)
			BeforeProcessingInitializeOnLoad (222ms)
			ProcessInitializeOnLoadAttributes (678ms)
			ProcessInitializeOnLoadMethodAttributes (150ms)
			AfterProcessingInitializeOnLoad (26ms)
			EditorAssembliesLoaded (1ms)
		ExecutionOrderSort2 (0ms)
		AwakeInstancesAfterBackupRestoration (29ms)
Refreshing native plugins compatible for Editor in 20.44 ms, found 9 plugins.
Preloading 1 native plugins for Editor in 0.13 ms.
Unloading 17 Unused Serialized files (Serialized files now loaded: 0)
Unloading 6363 unused Assets / (6.4 MB). Loaded Objects now: 7085.
Memory consumption went from 147.4 MB to 141.1 MB.
Total: 35.093300 ms (FindLiveObjects: 1.731300 ms CreateObjectMapping: 5.553500 ms MarkObjects: 14.537300 ms  DeleteObjects: 13.268500 ms)

Prepare: number of updated asset objects reloaded= 0
========================================================================
Received Prepare
Begin MonoManager ReloadAssembly
- Loaded All Assemblies, in  2.799 seconds
Refreshing native plugins compatible for Editor in 20.31 ms, found 9 plugins.
Native extension for WindowsStandalone target not found
Native extension for WebGL target not found
The project currently uses the compatibility mode where the Render Graph API is disabled. Support for this mode will be removed in future Unity versions. Migrate existing ScriptableRenderPasses to the new RenderGraph API. After the migration, disable the compatibility mode in Edit > Projects Settings > Graphics > Render Graph.
UnityEngine.Debug:ExtractStackTraceNoAlloc (byte*,int,string)
UnityEngine.StackTraceUtility:ExtractStackTrace ()
UnityEngine.DebugLogHandler:Internal_Log (UnityEngine.LogType,UnityEngine.LogOption,string,UnityEngine.Object)
UnityEngine.DebugLogHandler:LogFormat (UnityEngine.LogType,UnityEngine.Object,string,object[])
UnityEngine.Logger:Log (UnityEngine.LogType,object)
UnityEngine.Debug:LogWarning (object)
UnityEngine.Rendering.Universal.WarnUsingNonRenderGraph:EmitConsoleWarning () (at ./Library/PackageCache/com.unity.render-pipelines.universal@15fef0f41df6/Runtime/Data/UniversalRenderPipelineAsset.cs:427)
System.Reflection.RuntimeMethodInfo:Invoke (object,System.Reflection.BindingFlags,System.Reflection.Binder,object[],System.Globalization.CultureInfo)
System.Reflection.MethodBase:Invoke (object,object[])
UnityEditor.EditorAssemblies:ProcessInitializeOnLoadMethodAttributes ()

(Filename: ./Library/PackageCache/com.unity.render-pipelines.universal@15fef0f41df6/Runtime/Data/UniversalRenderPipelineAsset.cs Line: 427)

Mono: successfully reloaded assembly
- Finished resetting the current domain, in  2.524 seconds
Domain Reload Profiling: 5326ms
	BeginReloadAssembly (514ms)
		ExecutionOrderSort (0ms)
		DisableScriptedObjects (19ms)
		BackupInstance (0ms)
		ReleaseScriptingObjects (1ms)
		CreateAndSetChildDomain (172ms)
	RebuildCommonClasses (49ms)
	RebuildNativeTypeToScriptingClass (13ms)
	initialDomainReloadingComplete (45ms)
	LoadAllAssembliesAndSetupDomain (2179ms)
		LoadAssemblies (1558ms)
		RebuildTransferFunctionScriptingTraits (0ms)
		AnalyzeDomain (831ms)
			TypeCache.Refresh (16ms)
				TypeCache.ScanAssembly (0ms)
			BuildScriptInfoCaches (757ms)
			ResolveRequiredComponents (46ms)
	FinalizeReload (2525ms)
		ReleaseScriptCaches (0ms)
		RebuildScriptCaches (0ms)
		SetupLoadedEditorAssemblies (1937ms)
			LogAssemblyErrors (0ms)
			InitializePlatformSupportModulesInManaged (28ms)
			SetLoadedEditorAssemblies (32ms)
			BeforeProcessingInitializeOnLoad (449ms)
			ProcessInitializeOnLoadAttributes (1297ms)
			ProcessInitializeOnLoadMethodAttributes (113ms)
			AfterProcessingInitializeOnLoad (17ms)
			EditorAssembliesLoaded (1ms)
		ExecutionOrderSort2 (0ms)
		AwakeInstancesAfterBackupRestoration (23ms)
Refreshing native plugins compatible for Editor in 12.67 ms, found 9 plugins.
Preloading 1 native plugins for Editor in 0.17 ms.
Unloading 17 Unused Serialized files (Serialized files now loaded: 0)
Unloading 6363 unused Assets / (5.7 MB). Loaded Objects now: 7087.
Memory consumption went from 147.5 MB to 141.8 MB.
Total: 16.102600 ms (FindLiveObjects: 1.180400 ms CreateObjectMapping: 1.002100 ms MarkObjects: 9.883700 ms  DeleteObjects: 4.031900 ms)

Prepare: number of updated asset objects reloaded= 0
========================================================================
Received Prepare
Begin MonoManager ReloadAssembly
- Loaded All Assemblies, in  4.938 seconds
Refreshing native plugins compatible for Editor in 13.91 ms, found 9 plugins.
Native extension for WindowsStandalone target not found
Native extension for WebGL target not found
The project currently uses the compatibility mode where the Render Graph API is disabled. Support for this mode will be removed in future Unity versions. Migrate existing ScriptableRenderPasses to the new RenderGraph API. After the migration, disable the compatibility mode in Edit > Projects Settings > Graphics > Render Graph.
UnityEngine.Debug:ExtractStackTraceNoAlloc (byte*,int,string)
UnityEngine.StackTraceUtility:ExtractStackTrace ()
UnityEngine.DebugLogHandler:Internal_Log (UnityEngine.LogType,UnityEngine.LogOption,string,UnityEngine.Object)
UnityEngine.DebugLogHandler:LogFormat (UnityEngine.LogType,UnityEngine.Object,string,object[])
UnityEngine.Logger:Log (UnityEngine.LogType,object)
UnityEngine.Debug:LogWarning (object)
UnityEngine.Rendering.Universal.WarnUsingNonRenderGraph:EmitConsoleWarning () (at ./Library/PackageCache/com.unity.render-pipelines.universal@15fef0f41df6/Runtime/Data/UniversalRenderPipelineAsset.cs:427)
System.Reflection.RuntimeMethodInfo:Invoke (object,System.Reflection.BindingFlags,System.Reflection.Binder,object[],System.Globalization.CultureInfo)
System.Reflection.MethodBase:Invoke (object,object[])
UnityEditor.EditorAssemblies:ProcessInitializeOnLoadMethodAttributes ()

(Filename: ./Library/PackageCache/com.unity.render-pipelines.universal@15fef0f41df6/Runtime/Data/UniversalRenderPipelineAsset.cs Line: 427)

Mono: successfully reloaded assembly
- Finished resetting the current domain, in  1.681 seconds
Domain Reload Profiling: 6622ms
	BeginReloadAssembly (1734ms)
		ExecutionOrderSort (0ms)
		DisableScriptedObjects (96ms)
		BackupInstance (0ms)
		ReleaseScriptingObjects (2ms)
		CreateAndSetChildDomain (398ms)
	RebuildCommonClasses (91ms)
	RebuildNativeTypeToScriptingClass (17ms)
	initialDomainReloadingComplete (94ms)
	LoadAllAssembliesAndSetupDomain (3004ms)
		LoadAssemblies (2724ms)
		RebuildTransferFunctionScriptingTraits (0ms)
		AnalyzeDomain (1101ms)
			TypeCache.Refresh (217ms)
				TypeCache.ScanAssembly (8ms)
			BuildScriptInfoCaches (820ms)
			ResolveRequiredComponents (39ms)
	FinalizeReload (1682ms)
		ReleaseScriptCaches (0ms)
		RebuildScriptCaches (0ms)
		SetupLoadedEditorAssemblies (1256ms)
			LogAssemblyErrors (0ms)
			InitializePlatformSupportModulesInManaged (7ms)
			SetLoadedEditorAssemblies (10ms)
			BeforeProcessingInitializeOnLoad (232ms)
			ProcessInitializeOnLoadAttributes (805ms)
			ProcessInitializeOnLoadMethodAttributes (182ms)
			AfterProcessingInitializeOnLoad (17ms)
			EditorAssembliesLoaded (2ms)
		ExecutionOrderSort2 (0ms)
		AwakeInstancesAfterBackupRestoration (27ms)
Refreshing native plugins compatible for Editor in 9.25 ms, found 9 plugins.
Preloading 1 native plugins for Editor in 0.15 ms.
Unloading 17 Unused Serialized files (Serialized files now loaded: 0)
Unloading 6363 unused Assets / (6.2 MB). Loaded Objects now: 7089.
Memory consumption went from 147.4 MB to 141.3 MB.
Total: 20.687400 ms (FindLiveObjects: 1.467400 ms CreateObjectMapping: 0.719200 ms MarkObjects: 13.069600 ms  DeleteObjects: 5.427600 ms)

Prepare: number of updated asset objects reloaded= 0
========================================================================
Received Prepare
Begin MonoManager ReloadAssembly
- Loaded All Assemblies, in  1.344 seconds
Refreshing native plugins compatible for Editor in 11.19 ms, found 9 plugins.
Native extension for WindowsStandalone target not found
Native extension for WebGL target not found
The project currently uses the compatibility mode where the Render Graph API is disabled. Support for this mode will be removed in future Unity versions. Migrate existing ScriptableRenderPasses to the new RenderGraph API. After the migration, disable the compatibility mode in Edit > Projects Settings > Graphics > Render Graph.
UnityEngine.Debug:ExtractStackTraceNoAlloc (byte*,int,string)
UnityEngine.StackTraceUtility:ExtractStackTrace ()
UnityEngine.DebugLogHandler:Internal_Log (UnityEngine.LogType,UnityEngine.LogOption,string,UnityEngine.Object)
UnityEngine.DebugLogHandler:LogFormat (UnityEngine.LogType,UnityEngine.Object,string,object[])
UnityEngine.Logger:Log (UnityEngine.LogType,object)
UnityEngine.Debug:LogWarning (object)
UnityEngine.Rendering.Universal.WarnUsingNonRenderGraph:EmitConsoleWarning () (at ./Library/PackageCache/com.unity.render-pipelines.universal@15fef0f41df6/Runtime/Data/UniversalRenderPipelineAsset.cs:427)
System.Reflection.RuntimeMethodInfo:Invoke (object,System.Reflection.BindingFlags,System.Reflection.Binder,object[],System.Globalization.CultureInfo)
System.Reflection.MethodBase:Invoke (object,object[])
UnityEditor.EditorAssemblies:ProcessInitializeOnLoadMethodAttributes ()

(Filename: ./Library/PackageCache/com.unity.render-pipelines.universal@15fef0f41df6/Runtime/Data/UniversalRenderPipelineAsset.cs Line: 427)

Mono: successfully reloaded assembly
- Finished resetting the current domain, in  2.034 seconds
Domain Reload Profiling: 3366ms
	BeginReloadAssembly (326ms)
		ExecutionOrderSort (0ms)
		DisableScriptedObjects (9ms)
		BackupInstance (0ms)
		ReleaseScriptingObjects (0ms)
		CreateAndSetChildDomain (66ms)
	RebuildCommonClasses (61ms)
	RebuildNativeTypeToScriptingClass (19ms)
	initialDomainReloadingComplete (56ms)
	LoadAllAssembliesAndSetupDomain (868ms)
		LoadAssemblies (707ms)
		RebuildTransferFunctionScriptingTraits (0ms)
		AnalyzeDomain (341ms)
			TypeCache.Refresh (13ms)
				TypeCache.ScanAssembly (0ms)
			BuildScriptInfoCaches (302ms)
			ResolveRequiredComponents (22ms)
	FinalizeReload (2035ms)
		ReleaseScriptCaches (0ms)
		RebuildScriptCaches (0ms)
		SetupLoadedEditorAssemblies (1629ms)
			LogAssemblyErrors (0ms)
			InitializePlatformSupportModulesInManaged (6ms)
			SetLoadedEditorAssemblies (10ms)
			BeforeProcessingInitializeOnLoad (218ms)
			ProcessInitializeOnLoadAttributes (1154ms)
			ProcessInitializeOnLoadMethodAttributes (210ms)
			AfterProcessingInitializeOnLoad (30ms)
			EditorAssembliesLoaded (1ms)
		ExecutionOrderSort2 (0ms)
		AwakeInstancesAfterBackupRestoration (44ms)
Refreshing native plugins compatible for Editor in 30.23 ms, found 9 plugins.
Preloading 1 native plugins for Editor in 0.23 ms.
Unloading 17 Unused Serialized files (Serialized files now loaded: 0)
Unloading 6363 unused Assets / (6.5 MB). Loaded Objects now: 7091.
Memory consumption went from 147.5 MB to 140.9 MB.
Total: 37.626400 ms (FindLiveObjects: 4.128000 ms CreateObjectMapping: 5.128400 ms MarkObjects: 15.309000 ms  DeleteObjects: 13.053200 ms)

Prepare: number of updated asset objects reloaded= 0
========================================================================
Received Prepare
Begin MonoManager ReloadAssembly
- Loaded All Assemblies, in  6.942 seconds
Refreshing native plugins compatible for Editor in 24.65 ms, found 9 plugins.
Native extension for WindowsStandalone target not found
Native extension for WebGL target not found
The project currently uses the compatibility mode where the Render Graph API is disabled. Support for this mode will be removed in future Unity versions. Migrate existing ScriptableRenderPasses to the new RenderGraph API. After the migration, disable the compatibility mode in Edit > Projects Settings > Graphics > Render Graph.
UnityEngine.Debug:ExtractStackTraceNoAlloc (byte*,int,string)
UnityEngine.StackTraceUtility:ExtractStackTrace ()
UnityEngine.DebugLogHandler:Internal_Log (UnityEngine.LogType,UnityEngine.LogOption,string,UnityEngine.Object)
UnityEngine.DebugLogHandler:LogFormat (UnityEngine.LogType,UnityEngine.Object,string,object[])
UnityEngine.Logger:Log (UnityEngine.LogType,object)
UnityEngine.Debug:LogWarning (object)
UnityEngine.Rendering.Universal.WarnUsingNonRenderGraph:EmitConsoleWarning () (at ./Library/PackageCache/com.unity.render-pipelines.universal@15fef0f41df6/Runtime/Data/UniversalRenderPipelineAsset.cs:427)
System.Reflection.RuntimeMethodInfo:Invoke (object,System.Reflection.BindingFlags,System.Reflection.Binder,object[],System.Globalization.CultureInfo)
System.Reflection.MethodBase:Invoke (object,object[])
UnityEditor.EditorAssemblies:ProcessInitializeOnLoadMethodAttributes ()

(Filename: ./Library/PackageCache/com.unity.render-pipelines.universal@15fef0f41df6/Runtime/Data/UniversalRenderPipelineAsset.cs Line: 427)

Mono: successfully reloaded assembly
- Finished resetting the current domain, in  2.310 seconds
Domain Reload Profiling: 9281ms
	BeginReloadAssembly (2890ms)
		ExecutionOrderSort (1ms)
		DisableScriptedObjects (147ms)
		BackupInstance (0ms)
		ReleaseScriptingObjects (15ms)
		CreateAndSetChildDomain (1450ms)
	RebuildCommonClasses (86ms)
	RebuildNativeTypeToScriptingClass (22ms)
	initialDomainReloadingComplete (94ms)
	LoadAllAssembliesAndSetupDomain (3878ms)
		LoadAssemblies (3422ms)
		RebuildTransferFunctionScriptingTraits (0ms)
		AnalyzeDomain (1159ms)
			TypeCache.Refresh (98ms)
				TypeCache.ScanAssembly (0ms)
			BuildScriptInfoCaches (959ms)
			ResolveRequiredComponents (68ms)
	FinalizeReload (2312ms)
		ReleaseScriptCaches (0ms)
		RebuildScriptCaches (0ms)
		SetupLoadedEditorAssemblies (1740ms)
			LogAssemblyErrors (0ms)
			InitializePlatformSupportModulesInManaged (12ms)
			SetLoadedEditorAssemblies (12ms)
			BeforeProcessingInitializeOnLoad (350ms)
			ProcessInitializeOnLoadAttributes (1137ms)
			ProcessInitializeOnLoadMethodAttributes (209ms)
			AfterProcessingInitializeOnLoad (18ms)
			EditorAssembliesLoaded (2ms)
		ExecutionOrderSort2 (0ms)
		AwakeInstancesAfterBackupRestoration (47ms)
Refreshing native plugins compatible for Editor in 23.43 ms, found 9 plugins.
Preloading 1 native plugins for Editor in 0.10 ms.
Unloading 17 Unused Serialized files (Serialized files now loaded: 0)
Unloading 6363 unused Assets / (7.6 MB). Loaded Objects now: 7093.
Memory consumption went from 147.5 MB to 139.9 MB.
Total: 27.555000 ms (FindLiveObjects: 4.414700 ms CreateObjectMapping: 2.958800 ms MarkObjects: 13.138000 ms  DeleteObjects: 7.040400 ms)

Prepare: number of updated asset objects reloaded= 0
========================================================================
Received Prepare
Begin MonoManager ReloadAssembly
- Loaded All Assemblies, in  3.918 seconds
Refreshing native plugins compatible for Editor in 8.33 ms, found 9 plugins.
Native extension for WindowsStandalone target not found
Native extension for WebGL target not found
The project currently uses the compatibility mode where the Render Graph API is disabled. Support for this mode will be removed in future Unity versions. Migrate existing ScriptableRenderPasses to the new RenderGraph API. After the migration, disable the compatibility mode in Edit > Projects Settings > Graphics > Render Graph.
UnityEngine.Debug:ExtractStackTraceNoAlloc (byte*,int,string)
UnityEngine.StackTraceUtility:ExtractStackTrace ()
UnityEngine.DebugLogHandler:Internal_Log (UnityEngine.LogType,UnityEngine.LogOption,string,UnityEngine.Object)
UnityEngine.DebugLogHandler:LogFormat (UnityEngine.LogType,UnityEngine.Object,string,object[])
UnityEngine.Logger:Log (UnityEngine.LogType,object)
UnityEngine.Debug:LogWarning (object)
UnityEngine.Rendering.Universal.WarnUsingNonRenderGraph:EmitConsoleWarning () (at ./Library/PackageCache/com.unity.render-pipelines.universal@15fef0f41df6/Runtime/Data/UniversalRenderPipelineAsset.cs:427)
System.Reflection.RuntimeMethodInfo:Invoke (object,System.Reflection.BindingFlags,System.Reflection.Binder,object[],System.Globalization.CultureInfo)
System.Reflection.MethodBase:Invoke (object,object[])
UnityEditor.EditorAssemblies:ProcessInitializeOnLoadMethodAttributes ()

(Filename: ./Library/PackageCache/com.unity.render-pipelines.universal@15fef0f41df6/Runtime/Data/UniversalRenderPipelineAsset.cs Line: 427)

Mono: successfully reloaded assembly
- Finished resetting the current domain, in  1.200 seconds
Domain Reload Profiling: 5130ms
	BeginReloadAssembly (1764ms)
		ExecutionOrderSort (0ms)
		DisableScriptedObjects (282ms)
		BackupInstance (0ms)
		ReleaseScriptingObjects (6ms)
		CreateAndSetChildDomain (490ms)
	RebuildCommonClasses (45ms)
	RebuildNativeTypeToScriptingClass (15ms)
	initialDomainReloadingComplete (45ms)
	LoadAllAssembliesAndSetupDomain (2061ms)
		LoadAssemblies (1511ms)
		RebuildTransferFunctionScriptingTraits (0ms)
		AnalyzeDomain (736ms)
			TypeCache.Refresh (105ms)
				TypeCache.ScanAssembly (13ms)
			BuildScriptInfoCaches (574ms)
			ResolveRequiredComponents (29ms)
	FinalizeReload (1201ms)
		ReleaseScriptCaches (0ms)
		RebuildScriptCaches (0ms)
		SetupLoadedEditorAssemblies (923ms)
			LogAssemblyErrors (0ms)
			InitializePlatformSupportModulesInManaged (5ms)
			SetLoadedEditorAssemblies (8ms)
			BeforeProcessingInitializeOnLoad (159ms)
			ProcessInitializeOnLoadAttributes (621ms)
			ProcessInitializeOnLoadMethodAttributes (118ms)
			AfterProcessingInitializeOnLoad (9ms)
			EditorAssembliesLoaded (2ms)
		ExecutionOrderSort2 (0ms)
		AwakeInstancesAfterBackupRestoration (22ms)
Refreshing native plugins compatible for Editor in 6.67 ms, found 9 plugins.
Preloading 1 native plugins for Editor in 0.72 ms.
Unloading 17 Unused Serialized files (Serialized files now loaded: 0)
Unloading 6363 unused Assets / (6.4 MB). Loaded Objects now: 7095.
Memory consumption went from 147.5 MB to 141.1 MB.
Total: 18.342900 ms (FindLiveObjects: 1.313500 ms CreateObjectMapping: 0.926300 ms MarkObjects: 8.844300 ms  DeleteObjects: 7.254400 ms)

Prepare: number of updated asset objects reloaded= 0
========================================================================
Received Prepare
Begin MonoManager ReloadAssembly
- Loaded All Assemblies, in  1.456 seconds
Refreshing native plugins compatible for Editor in 21.19 ms, found 9 plugins.
Native extension for WindowsStandalone target not found
Native extension for WebGL target not found
The project currently uses the compatibility mode where the Render Graph API is disabled. Support for this mode will be removed in future Unity versions. Migrate existing ScriptableRenderPasses to the new RenderGraph API. After the migration, disable the compatibility mode in Edit > Projects Settings > Graphics > Render Graph.
UnityEngine.Debug:ExtractStackTraceNoAlloc (byte*,int,string)
UnityEngine.StackTraceUtility:ExtractStackTrace ()
UnityEngine.DebugLogHandler:Internal_Log (UnityEngine.LogType,UnityEngine.LogOption,string,UnityEngine.Object)
UnityEngine.DebugLogHandler:LogFormat (UnityEngine.LogType,UnityEngine.Object,string,object[])
UnityEngine.Logger:Log (UnityEngine.LogType,object)
UnityEngine.Debug:LogWarning (object)
UnityEngine.Rendering.Universal.WarnUsingNonRenderGraph:EmitConsoleWarning () (at ./Library/PackageCache/com.unity.render-pipelines.universal@15fef0f41df6/Runtime/Data/UniversalRenderPipelineAsset.cs:427)
System.Reflection.RuntimeMethodInfo:Invoke (object,System.Reflection.BindingFlags,System.Reflection.Binder,object[],System.Globalization.CultureInfo)
System.Reflection.MethodBase:Invoke (object,object[])
UnityEditor.EditorAssemblies:ProcessInitializeOnLoadMethodAttributes ()

(Filename: ./Library/PackageCache/com.unity.render-pipelines.universal@15fef0f41df6/Runtime/Data/UniversalRenderPipelineAsset.cs Line: 427)

Mono: successfully reloaded assembly
- Finished resetting the current domain, in  1.760 seconds
Domain Reload Profiling: 3212ms
	BeginReloadAssembly (378ms)
		ExecutionOrderSort (0ms)
		DisableScriptedObjects (14ms)
		BackupInstance (0ms)
		ReleaseScriptingObjects (0ms)
		CreateAndSetChildDomain (93ms)
	RebuildCommonClasses (63ms)
	RebuildNativeTypeToScriptingClass (22ms)
	initialDomainReloadingComplete (47ms)
	LoadAllAssembliesAndSetupDomain (942ms)
		LoadAssemblies (773ms)
		RebuildTransferFunctionScriptingTraits (0ms)
		AnalyzeDomain (359ms)
			TypeCache.Refresh (16ms)
				TypeCache.ScanAssembly (0ms)
			BuildScriptInfoCaches (313ms)
			ResolveRequiredComponents (26ms)
	FinalizeReload (1761ms)
		ReleaseScriptCaches (0ms)
		RebuildScriptCaches (0ms)
		SetupLoadedEditorAssemblies (1376ms)
			LogAssemblyErrors (0ms)
			InitializePlatformSupportModulesInManaged (6ms)
			SetLoadedEditorAssemblies (13ms)
			BeforeProcessingInitializeOnLoad (274ms)
			ProcessInitializeOnLoadAttributes (935ms)
			ProcessInitializeOnLoadMethodAttributes (127ms)
			AfterProcessingInitializeOnLoad (19ms)
			EditorAssembliesLoaded (0ms)
		ExecutionOrderSort2 (0ms)
		AwakeInstancesAfterBackupRestoration (29ms)
Refreshing native plugins compatible for Editor in 13.50 ms, found 9 plugins.
Preloading 1 native plugins for Editor in 0.15 ms.
Unloading 17 Unused Serialized files (Serialized files now loaded: 0)
Unloading 6363 unused Assets / (6.9 MB). Loaded Objects now: 7097.
Memory consumption went from 147.5 MB to 140.6 MB.
Total: 24.389500 ms (FindLiveObjects: 2.457300 ms CreateObjectMapping: 3.216200 ms MarkObjects: 12.199000 ms  DeleteObjects: 6.513700 ms)

Prepare: number of updated asset objects reloaded= 0
